event_id,user_id,event_type,timestamp,value
e0001,u023,view,2025-01-04T06:13:41Z,
e0002,u008,purchase,2025-01-20T10:16:38Z,29.06
e0003,u037,click,2025-01-15T14:48:19Z,
e0004,u036,purchase,2025-01-18T01:31:11Z,137.62
e0005,u013,view,2025-01-12T09:39:56Z,
e0006,u045,view,2025-01-07T07:34:22Z,
e0007,u016,view,2025-01-05T07:47:10Z,
e0008,u039,view,2025-01-09T15:38:59Z,
e0009,u009,purchase,2025-01-01T20:41:11Z,74.78
e0010,u044,purchase,2025-01-08T10:53:59Z,78.0
e0011,u041,click,2025-01-19T21:16:17Z,
e0012,u031,click,2025-01-09T18:37:03Z,
e0013,u048,click,2025-01-21T10:25:37Z,
e0014,u040,click,2025-01-17T16:55:10Z,
e0015,u024,click,2025-01-11T17:57:23Z,
e0016,u004,purchase,2025-01-01T09:42:19Z,129.99
e0017,u044,click,2025-01-04T14:21:57Z,
e0018,u028,purchase,2025-01-08T11:11:31Z,144.4
e0019,u049,view,2025-01-05T21:03:30Z,
e0020,u037,click,2025-01-14T01:45:28Z,
e0021,u020,click,2025-01-12T20:21:16Z,
e0022,u030,click,2025-01-16T05:45:23Z,
e0023,u012,view,2025-01-08T13:21:02Z,
e0024,u032,purchase,2025-01-06T14:30:42Z,145.64
e0025,u025,purchase,2025-01-01T21:20:57Z,157.42
e0026,u024,purchase,2025-01-14T13:53:28Z,191.38
e0027,u038,click,2025-01-08T08:06:37Z,
e0028,u047,view,2025-01-03T02:30:51Z,
e0029,u007,click,2025-01-09T08:04:38Z,
e0030,u016,purchase,2025-01-06T09:35:42Z,63.71
e0031,u037,view,2025-01-17T15:10:50Z,
e0032,u044,click,2025-01-07T23:05:16Z,
e0033,u033,view,2025-01-21T19:20:54Z,
e0034,u038,view,2025-01-15T11:14:21Z,
e0035,u011,view,2025-01-16T07:40:59Z,
e0036,u014,click,2025-01-17T14:08:25Z,
e0037,u014,view,2025-01-18T06:03:38Z,
e0038,u016,click,2025-01-16T08:37:13Z,
e0039,u021,view,2025-01-08T10:29:35Z,
e0040,u026,purchase,2025-01-02T13:59:11Z,165.72
e0041,u001,view,2025-01-11T11:00:07Z,
e0042,u032,view,2025-01-15T06:11:28Z,
e0043,u034,view,2025-01-14T17:50:48Z,
e0044,u017,purchase,2025-01-17T04:30:28Z,55.29
e0045,u046,purchase,2025-01-02T06:16:57Z,49.82
e0046,u018,view,2025-01-15T09:29:53Z,
e0047,u049,view,2025-01-08T09:50:26Z,
e0048,u021,purchase,2025-01-20T18:58:37Z,192.16
e0049,u030,view,2025-01-01T02:52:05Z,
e0050,u008,purchase,2025-01-04T06:52:46Z,78.57
e0051,u012,view,2025-01-06T19:25:24Z,
e0052,u025,purchase,2025-01-20T22:49:21Z,52.86
e0053,u007,purchase,2025-01-16T05:46:54Z,135.99
e0054,u014,click,2025-01-07T17:23:06Z,
e0055,u007,view,2025-01-06T23:14:59Z,
e0056,u010,view,2025-01-17T06:02:28Z,
e0057,u004,click,2025-01-06T19:18:16Z,
e0058,u027,purchase,2025-01-15T20:03:22Z,133.42
e0059,u044,view,2025-01-02T18:08:43Z,
e0060,u026,view,2025-01-19T17:31:17Z,
e0061,u005,purchase,2025-01-01T01:22:27Z,58.67
e0062,u031,purchase,2025-01-04T11:19:05Z,52.07
e0063,u013,view,2025-01-09T23:19:42Z,
e0064,u045,click,2025-01-03T08:46:10Z,
e0065,u030,purchase,2025-01-13T08:51:18Z,90.03
e0066,u001,view,2025-01-12T11:50:23Z,
e0067,u002,click,2025-01-21T01:47:22Z,
e0068,u012,view,2025-01-14T15:23:43Z,
e0069,u013,click,2025-01-10T22:20:32Z,
e0070,u042,purchase,2025-01-18T12:24:22Z,188.77
e0071,u007,view,2025-01-03T14:07:54Z,
e0072,u029,view,2025-01-09T19:06:29Z,
e0073,u010,view,2025-01-10T01:35:35Z,
e0074,u004,purchase,2025-01-17T01:22:36Z,9.41
e0075,u048,click,2025-01-17T21:22:06Z,
e0076,u005,click,2025-01-19T08:16:35Z,
e0077,u035,view,2025-01-01T08:14:08Z,
e0078,u038,click,2025-01-16T18:51:43Z,
e0079,u042,view,2025-01-03T03:58:12Z,
e0080,u009,click,2025-01-08T16:00:17Z,
e0081,u029,purchase,2025-01-02T21:36:28Z,89.48
e0082,u050,click,2025-01-20T20:41:58Z,
e0083,u024,purchase,2025-01-09T22:17:44Z,57.94
e0084,u018,purchase,2025-01-14T22:39:07Z,82.46
e0085,u017,click,2025-01-20T03:04:10Z,
e0086,u036,click,2025-01-18T18:56:47Z,
e0087,u013,purchase,2025-01-05T17:34:16Z,113.89
e0088,u004,view,2025-01-17T07:08:16Z,
e0089,u017,purchase,2025-01-17T03:35:45Z,120.55
e0090,u003,purchase,2025-01-07T10:15:55Z,84.04
e0091,u003,click,2025-01-05T14:49:31Z,
e0092,u045,purchase,2025-01-21T05:25:01Z,171.51
e0093,u042,click,2025-01-05T21:25:13Z,
e0094,u001,click,2025-01-05T03:03:51Z,
e0095,u006,view,2025-01-18T19:01:33Z,
e0096,u018,view,2025-01-20T16:20:41Z,
e0097,u008,view,2025-01-17T02:35:00Z,
e0098,u032,purchase,2025-01-10T12:22:08Z,46.44
e0099,u004,purchase,2025-01-09T18:10:40Z,91.02
e0100,u047,view,2025-01-14T02:25:47Z,
e0101,u034,view,2025-01-17T15:06:22Z,
e0102,u013,view,2025-01-09T23:19:23Z,
e0103,u050,view,2025-01-07T02:30:40Z,
e0104,u044,view,2025-01-02T05:47:05Z,
e0105,u047,view,2025-01-21T13:57:08Z,
e0106,u026,purchase,2025-01-18T05:33:51Z,41.54
e0107,u021,view,2025-01-13T15:27:25Z,
e0108,u049,purchase,2025-01-12T12:07:13Z,89.46
e0109,u017,purchase,2025-01-11T08:35:11Z,191.13
e0110,u030,view,2025-01-17T23:01:57Z,
e0111,u031,view,2025-01-01T06:45:26Z,
e0112,u045,view,2025-01-20T05:01:37Z,
e0113,u014,view,2025-01-09T02:46:30Z,
e0114,u009,purchase,2025-01-03T16:34:24Z,187.35
e0115,u017,click,2025-01-07T11:07:58Z,
e0116,u024,view,2025-01-10T04:49:32Z,
e0117,u038,view,2025-01-01T14:50:54Z,
e0118,u033,click,2025-01-15T17:49:31Z,
e0119,u028,purchase,2025-01-09T23:41:05Z,147.72
e0120,u026,click,2025-01-14T04:17:44Z,
e0121,u034,view,2025-01-09T21:41:46Z,
e0122,u036,purchase,2025-01-07T21:41:48Z,95.57
e0123,u047,purchase,2025-01-03T21:13:34Z,146.49
e0124,u006,view,2025-01-20T00:58:54Z,
e0125,u001,click,2025-01-02T00:11:14Z,
e0126,u035,purchase,2025-01-05T06:07:46Z,193.1
e0127,u022,view,2025-01-09T18:27:57Z,
e0128,u009,click,2025-01-18T04:51:53Z,
e0129,u030,view,2025-01-15T15:21:33Z,
e0130,u006,click,2025-01-20T17:07:38Z,
e0131,u020,click,2025-01-09T01:22:41Z,
e0132,u013,purchase,2025-01-04T04:49:38Z,187.28
e0133,u003,view,2025-01-04T09:47:11Z,
e0134,u014,click,2025-01-19T23:29:12Z,
e0135,u011,view,2025-01-17T18:06:05Z,
e0136,u032,view,2025-01-16T06:46:14Z,
e0137,u015,click,2025-01-01T05:32:39Z,
e0138,u007,view,2025-01-03T00:56:33Z,
e0139,u049,click,2025-01-11T06:47:21Z,
e0140,u008,view,2025-01-01T01:08:36Z,
e0141,u004,click,2025-01-13T01:26:54Z,
e0142,u039,purchase,2025-01-11T23:07:50Z,145.37
e0143,u009,view,2025-01-18T00:25:37Z,
e0144,u006,purchase,2025-01-15T05:59:12Z,139.89
e0145,u001,purchase,2025-01-18T04:06:40Z,89.58
e0146,u031,click,2025-01-13T03:29:59Z,
e0147,u026,view,2025-01-21T05:00:48Z,
e0148,u028,view,2025-01-17T09:47:13Z,
e0149,u046,purchase,2025-01-04T13:28:45Z,59.39
e0150,u013,purchase,2025-01-05T16:26:23Z,94.45
e0151,u017,purchase,2025-01-10T08:39:52Z,131.89
e0152,u018,purchase,2025-01-12T20:02:04Z,63.4
e0153,u035,view,2025-01-02T00:58:56Z,
e0154,u043,click,2025-01-07T22:50:52Z,
e0155,u047,click,2025-01-07T02:59:57Z,
e0156,u003,click,2025-01-05T08:13:42Z,
e0157,u037,purchase,2025-01-12T06:12:55Z,117.72
e0158,u022,click,2025-01-04T16:14:05Z,
e0159,u035,view,2025-01-04T01:06:24Z,
e0160,u007,click,2025-01-14T03:43:08Z,
e0161,u022,click,2025-01-08T04:14:54Z,
e0162,u004,purchase,2025-01-03T10:49:09Z,62.82
e0163,u011,click,2025-01-13T10:22:17Z,
e0164,u045,click,2025-01-02T09:35:59Z,
e0165,u025,purchase,2025-01-15T03:12:45Z,88.73
e0166,u028,click,2025-01-06T03:15:50Z,
e0167,u025,click,2025-01-02T04:20:47Z,
e0168,u033,purchase,2025-01-09T17:13:01Z,46.43
e0169,u016,view,2025-01-07T08:44:28Z,
e0170,u044,click,2025-01-11T18:42:39Z,
e0171,u028,purchase,2025-01-13T09:09:35Z,86.68
e0172,u005,view,2025-01-07T23:41:19Z,
e0173,u002,view,2025-01-14T17:01:20Z,
e0174,u013,purchase,2025-01-01T22:54:53Z,84.55
e0175,u006,view,2025-01-07T20:31:48Z,
e0176,u010,purchase,2025-01-01T08:30:08Z,190.73
e0177,u006,purchase,2025-01-07T03:26:13Z,145.14
e0178,u048,view,2025-01-16T18:02:25Z,
e0179,u019,click,2025-01-21T14:24:59Z,
e0180,u017,click,2025-01-21T04:39:40Z,
e0181,u017,purchase,2025-01-12T08:00:55Z,96.85
e0182,u030,click,2025-01-04T19:20:56Z,
e0183,u040,click,2025-01-15T04:22:28Z,
e0184,u048,purchase,2025-01-12T09:48:38Z,145.44
e0185,u034,view,2025-01-08T03:42:38Z,
e0186,u020,click,2025-01-13T06:40:58Z,
e0187,u035,purchase,2025-01-08T04:14:42Z,110.02
e0188,u001,click,2025-01-15T15:48:36Z,
e0189,u031,view,2025-01-17T22:07:31Z,
e0190,u016,view,2025-01-03T02:17:32Z,
e0191,u037,purchase,2025-01-01T03:05:31Z,27.13
e0192,u023,purchase,2025-01-21T21:28:28Z,83.21
e0193,u039,view,2025-01-09T05:54:23Z,
e0194,u001,view,2025-01-21T08:59:46Z,
e0195,u046,click,2025-01-11T02:19:20Z,
e0196,u005,purchase,2025-01-08T11:04:54Z,54.68
e0197,u016,view,2025-01-11T06:16:20Z,
e0198,u039,purchase,2025-01-06T07:17:29Z,99.44
e0199,u004,view,2025-01-17T14:36:30Z,
e0200,u049,purchase,2025-01-06T13:08:49Z,35.55
e0201,u006,view,2025-01-02T10:54:08Z,
e0202,u027,purchase,2025-01-10T09:29:52Z,192.38
e0203,u001,purchase,2025-01-08T09:47:41Z,68.79
e0204,u026,view,2025-01-19T22:11:34Z,
e0205,u043,click,2025-01-01T13:54:16Z,
e0206,u019,purchase,2025-01-04T07:25:49Z,84.14
e0207,u013,click,2025-01-11T10:32:46Z,
e0208,u045,purchase,2025-01-19T01:55:02Z,173.42
e0209,u019,click,2025-01-20T19:04:39Z,
e0210,u025,purchase,2025-01-07T23:13:45Z,59.07
e0211,u038,click,2025-01-09T02:50:59Z,
e0212,u030,view,2025-01-13T03:42:26Z,
e0213,u031,purchase,2025-01-19T13:08:19Z,111.81
e0214,u049,view,2025-01-20T06:59:00Z,
e0215,u046,click,2025-01-02T00:44:10Z,
e0216,u044,click,2025-01-12T17:30:46Z,
e0217,u004,purchase,2025-01-15T06:28:34Z,60.94
e0218,u041,view,2025-01-07T11:23:38Z,
e0219,u045,view,2025-01-20T02:13:23Z,
e0220,u046,purchase,2025-01-11T04:34:08Z,111.62
e0221,u048,view,2025-01-06T03:02:54Z,
e0222,u008,click,2025-01-03T09:33:46Z,
e0223,u012,view,2025-01-10T11:03:06Z,
e0224,u003,view,2025-01-04T09:55:33Z,
e0225,u017,purchase,2025-01-07T16:28:16Z,52.15
e0226,u023,view,2025-01-17T03:46:54Z,
e0227,u008,purchase,2025-01-20T11:51:07Z,110.04
e0228,u019,click,2025-01-04T11:59:44Z,
e0229,u012,view,2025-01-15T08:08:52Z,
e0230,u015,view,2025-01-17T19:10:44Z,
e0231,u026,click,2025-01-08T03:46:31Z,
e0232,u034,click,2025-01-05T03:09:00Z,
e0233,u043,click,2025-01-18T09:09:10Z,
e0234,u014,click,2025-01-21T20:08:00Z,
e0235,u004,view,2025-01-10T17:29:55Z,
e0236,u025,click,2025-01-08T09:03:33Z,
e0237,u019,view,2025-01-14T01:54:51Z,
e0238,u034,purchase,2025-01-01T22:48:11Z,71.78
e0239,u042,click,2025-01-03T08:16:50Z,
e0240,u036,purchase,2025-01-12T05:57:56Z,16.96
e0241,u003,click,2025-01-04T19:10:33Z,
e0242,u043,click,2025-01-21T10:50:08Z,
e0243,u004,view,2025-01-21T17:34:10Z,
e0244,u003,purchase,2025-01-18T14:45:27Z,123.39
e0245,u019,click,2025-01-06T06:47:20Z,
e0246,u002,purchase,2025-01-20T12:48:29Z,101.44
e0247,u005,purchase,2025-01-16T03:47:36Z,103.01
e0248,u048,click,2025-01-12T02:30:23Z,
e0249,u012,click,2025-01-20T15:44:13Z,
e0250,u046,view,2025-01-01T05:45:31Z,
e0251,u012,view,2025-01-18T10:46:06Z,
e0252,u001,click,2025-01-05T13:25:15Z,
e0253,u047,view,2025-01-01T11:36:22Z,
e0254,u032,purchase,2025-01-07T11:39:06Z,147.08
e0255,u046,click,2025-01-05T18:08:12Z,
e0256,u026,click,2025-01-10T14:07:54Z,
e0257,u029,view,2025-01-10T17:31:12Z,
e0258,u002,purchase,2025-01-06T19:52:39Z,170.05
e0259,u027,purchase,2025-01-13T10:27:08Z,170.73
e0260,u012,purchase,2025-01-18T23:59:16Z,41.65
e0261,u019,view,2025-01-06T16:13:43Z,
e0262,u038,view,2025-01-10T07:52:10Z,
e0263,u033,click,2025-01-18T08:20:42Z,
e0264,u015,purchase,2025-01-19T03:58:44Z,24.23
e0265,u015,view,2025-01-18T13:54:59Z,
e0266,u027,click,2025-01-21T08:55:41Z,
e0267,u019,click,2025-01-19T13:14:48Z,
e0268,u038,view,2025-01-05T00:28:44Z,
e0269,u019,purchase,2025-01-14T09:17:15Z,91.68
e0270,u014,view,2025-01-05T18:00:51Z,
e0271,u045,view,2025-01-12T00:38:10Z,
e0272,u027,click,2025-01-10T22:05:35Z,
e0273,u034,purchase,2025-01-14T23:42:36Z,48.52
e0274,u025,view,2025-01-11T19:35:56Z,
e0275,u019,purchase,2025-01-12T15:03:49Z,159.92
e0276,u006,purchase,2025-01-01T00:31:02Z,31.39
e0277,u021,purchase,2025-01-02T15:03:34Z,101.2
e0278,u025,view,2025-01-10T18:42:17Z,
e0279,u029,purchase,2025-01-17T02:57:47Z,116.97
e0280,u035,click,2025-01-02T06:52:51Z,
e0281,u015,view,2025-01-06T15:43:48Z,
e0282,u010,view,2025-01-18T16:52:47Z,
e0283,u039,purchase,2025-01-03T17:36:30Z,167.32
e0284,u038,click,2025-01-04T07:35:44Z,
e0285,u036,view,2025-01-20T14:57:27Z,
e0286,u014,view,2025-01-01T08:42:38Z,
e0287,u006,purchase,2025-01-07T09:16:46Z,72.99
e0288,u031,view,2025-01-03T07:57:02Z,
e0289,u041,click,2025-01-16T09:26:28Z,
e0290,u045,view,2025-01-14T19:11:29Z,
e0291,u011,view,2025-01-09T10:40:35Z,
e0292,u043,click,2025-01-14T09:48:13Z,
e0293,u011,purchase,2025-01-13T20:32:37Z,100.39
e0294,u026,purchase,2025-01-11T21:22:30Z,111.83
e0295,u006,view,2025-01-03T04:57:38Z,
e0296,u047,click,2025-01-10T11:54:25Z,
e0297,u026,click,2025-01-11T01:56:49Z,
e0298,u038,click,2025-01-02T01:43:15Z,
e0299,u002,click,2025-01-07T06:26:10Z,
e0300,u009,purchase,2025-01-13T09:16:24Z,25.2
e0301,u041,view,2025-01-01T02:02:47Z,
e0302,u044,purchase,2025-01-20T17:21:08Z,135.14
e0303,u006,purchase,2025-01-14T00:10:01Z,48.45
e0304,u002,view,2025-01-10T05:04:24Z,
e0305,u032,click,2025-01-10T08:11:22Z,
e0306,u002,click,2025-01-05T13:10:40Z,
e0307,u037,view,2025-01-13T08:35:53Z,
e0308,u033,click,2025-01-02T04:54:45Z,
e0309,u048,purchase,2025-01-04T19:08:44Z,108.87
e0310,u018,purchase,2025-01-13T01:43:55Z,143.37
e0311,u010,purchase,2025-01-04T01:10:38Z,166.85
e0312,u024,view,2025-01-18T03:28:41Z,
e0313,u020,view,2025-01-07T20:09:51Z,
e0314,u027,view,2025-01-03T16:14:20Z,
e0315,u044,click,2025-01-16T23:53:55Z,
e0316,u014,purchase,2025-01-08T04:18:40Z,22.52
e0317,u002,purchase,2025-01-21T03:26:14Z,180.44
e0318,u044,view,2025-01-16T10:13:55Z,
e0319,u040,purchase,2025-01-12T23:39:54Z,165.9
e0320,u047,click,2025-01-16T00:18:52Z,
e0321,u019,click,2025-01-21T06:10:05Z,
e0322,u008,purchase,2025-01-02T13:28:14Z,142.49
e0323,u049,purchase,2025-01-10T21:29:41Z,23.68
e0324,u012,purchase,2025-01-18T02:28:02Z,178.37
e0325,u044,view,2025-01-03T14:01:44Z,
e0326,u006,view,2025-01-20T19:39:55Z,
e0327,u040,purchase,2025-01-10T04:25:25Z,115.53
e0328,u028,purchase,2025-01-12T18:12:09Z,104.9
e0329,u049,click,2025-01-16T21:17:49Z,
e0330,u024,click,2025-01-12T03:07:18Z,
e0331,u009,click,2025-01-01T10:28:22Z,
e0332,u030,click,2025-01-06T16:09:50Z,
e0333,u034,purchase,2025-01-09T08:32:08Z,72.37
e0334,u047,purchase,2025-01-17T04:01:23Z,129.78
e0335,u005,purchase,2025-01-11T14:21:22Z,93.91
e0336,u011,click,2025-01-06T12:50:41Z,
e0337,u022,view,2025-01-09T23:26:35Z,
e0338,u038,view,2025-01-21T15:10:56Z,
e0339,u031,click,2025-01-07T07:10:07Z,
e0340,u021,click,2025-01-06T21:19:31Z,
e0341,u007,view,2025-01-01T04:17:31Z,
e0342,u018,click,2025-01-12T20:38:30Z,
e0343,u017,click,2025-01-17T16:00:29Z,
e0344,u001,purchase,2025-01-20T15:16:24Z,103.01
e0345,u050,click,2025-01-14T06:14:15Z,
e0346,u036,purchase,2025-01-21T23:09:48Z,89.51
e0347,u045,click,2025-01-16T18:04:22Z,
e0348,u034,purchase,2025-01-02T15:31:39Z,67.51
e0349,u008,purchase,2025-01-14T21:56:48Z,88.83
e0350,u011,purchase,2025-01-17T17:41:29Z,166.19
e0351,u037,view,2025-01-07T23:21:47Z,
e0352,u008,view,2025-01-03T06:45:52Z,
e0353,u035,click,2025-01-10T18:42:45Z,
e0354,u030,view,2025-01-17T11:45:44Z,
e0355,u029,click,2025-01-04T17:43:33Z,
e0356,u006,view,2025-01-06T10:07:39Z,
e0357,u020,view,2025-01-05T13:39:53Z,
e0358,u006,click,2025-01-02T01:30:17Z,
e0359,u028,click,2025-01-02T17:23:49Z,
e0360,u036,purchase,2025-01-17T20:15:52Z,112.83
e0361,u027,click,2025-01-04T14:49:08Z,
e0362,u018,purchase,2025-01-19T01:25:19Z,176.51
e0363,u042,click,2025-01-15T09:23:28Z,
e0364,u015,click,2025-01-20T01:14:11Z,
e0365,u049,purchase,2025-01-16T00:55:24Z,101.39
e0366,u014,view,2025-01-05T13:09:29Z,
e0367,u018,view,2025-01-16T08:18:07Z,
e0368,u002,purchase,2025-01-14T16:25:39Z,11.09
e0369,u048,view,2025-01-19T00:06:13Z,
e0370,u047,purchase,2025-01-21T18:49:56Z,56.38
e0371,u010,purchase,2025-01-19T08:25:40Z,140.12
e0372,u011,click,2025-01-06T07:46:38Z,
e0373,u021,view,2025-01-11T05:49:47Z,
e0374,u030,purchase,2025-01-09T06:40:55Z,104.72
e0375,u033,view,2025-01-17T18:59:03Z,
e0376,u025,view,2025-01-10T08:37:01Z,
e0377,u047,view,2025-01-02T05:56:44Z,
e0378,u043,view,2025-01-17T22:25:12Z,
e0379,u032,click,2025-01-09T09:01:06Z,
e0380,u003,purchase,2025-01-15T14:03:06Z,89.2
e0381,u022,purchase,2025-01-07T10:11:20Z,13.0
e0382,u009,view,2025-01-01T06:34:12Z,
e0383,u025,click,2025-01-01T20:34:37Z,
e0384,u026,click,2025-01-21T04:30:56Z,
e0385,u027,click,2025-01-19T13:19:11Z,
e0386,u023,view,2025-01-06T01:27:42Z,
e0387,u043,view,2025-01-12T22:39:01Z,
e0388,u016,view,2025-01-07T07:49:53Z,
e0389,u025,purchase,2025-01-10T22:07:35Z,108.0
e0390,u030,view,2025-01-06T22:47:18Z,
e0391,u037,view,2025-01-04T15:15:42Z,
e0392,u019,click,2025-01-01T23:18:15Z,
e0393,u041,click,2025-01-19T08:44:34Z,
e0394,u011,purchase,2025-01-12T05:00:40Z,10.02
e0395,u043,purchase,2025-01-14T07:40:45Z,198.17
e0396,u030,purchase,2025-01-15T00:12:51Z,5.04
e0397,u036,purchase,2025-01-18T15:32:48Z,59.27
e0398,u018,view,2025-01-11T03:11:27Z,
e0399,u031,purchase,2025-01-10T09:47:57Z,37.12
e0400,u028,view,2025-01-21T13:48:48Z,
e0401,u040,view,2025-01-09T05:12:40Z,
e0402,u049,view,2025-01-15T03:27:12Z,
e0403,u035,click,2025-01-06T11:56:59Z,
e0404,u016,click,2025-01-16T02:47:57Z,
e0405,u021,click,2025-01-20T03:48:22Z,
e0406,u010,purchase,2025-01-13T06:08:39Z,167.83
e0407,u033,purchase,2025-01-11T02:56:36Z,43.77
e0408,u008,purchase,2025-01-12T11:33:45Z,108.61
e0409,u023,view,2025-01-12T02:34:40Z,
e0410,u023,purchase,2025-01-01T13:57:07Z,45.99
e0411,u018,purchase,2025-01-03T01:21:43Z,96.53
e0412,u028,view,2025-01-15T01:17:51Z,
e0413,u043,purchase,2025-01-01T08:27:48Z,185.75
e0414,u018,view,2025-01-09T01:30:27Z,
e0415,u010,click,2025-01-13T23:48:46Z,
e0416,u036,click,2025-01-08T04:17:21Z,
e0417,u047,click,2025-01-14T11:39:32Z,
e0418,u013,click,2025-01-03T20:05:41Z,
e0419,u032,view,2025-01-10T23:44:48Z,
e0420,u040,view,2025-01-04T20:32:49Z,
e0421,u037,view,2025-01-16T22:00:12Z,
e0422,u037,purchase,2025-01-08T10:26:25Z,163.99
e0423,u019,view,2025-01-06T02:33:08Z,
e0424,u020,click,2025-01-08T15:06:07Z,
e0425,u003,click,2025-01-18T15:09:43Z,
e0426,u026,purchase,2025-01-06T10:09:56Z,130.57
e0427,u007,view,2025-01-15T15:18:44Z,
e0428,u008,view,2025-01-06T01:16:03Z,
e0429,u048,click,2025-01-16T14:56:10Z,
e0430,u019,click,2025-01-02T14:18:30Z,
e0431,u033,click,2025-01-17T17:56:36Z,
e0432,u033,view,2025-01-19T19:46:24Z,
e0433,u019,click,2025-01-02T15:10:59Z,
e0434,u027,purchase,2025-01-13T10:56:47Z,75.62
e0435,u004,view,2025-01-01T18:49:10Z,
e0436,u047,click,2025-01-11T03:53:37Z,
e0437,u039,view,2025-01-11T07:57:18Z,
e0438,u017,purchase,2025-01-08T06:22:54Z,55.49
e0439,u017,click,2025-01-01T06:32:27Z,
e0440,u034,click,2025-01-19T08:43:04Z,
e0441,u022,purchase,2025-01-09T00:10:46Z,118.72
e0442,u024,click,2025-01-16T04:49:43Z,
e0443,u023,purchase,2025-01-10T15:13:58Z,138.51
e0444,u012,view,2025-01-04T13:36:11Z,
e0445,u036,purchase,2025-01-05T16:16:46Z,139.4
e0446,u035,view,2025-01-15T09:30:05Z,
e0447,u024,click,2025-01-06T12:14:16Z,
e0448,u017,view,2025-01-17T12:22:45Z,
e0449,u045,purchase,2025-01-02T05:02:45Z,73.67
e0450,u008,view,2025-01-15T16:31:51Z,
e0451,u022,purchase,2025-01-12T13:00:59Z,49.08
e0452,u037,view,2025-01-13T16:30:54Z,
e0453,u040,purchase,2025-01-05T13:45:08Z,67.35
e0454,u029,purchase,2025-01-09T21:33:53Z,176.91
e0455,u047,click,2025-01-08T15:43:53Z,
e0456,u035,click,2025-01-17T22:11:30Z,
e0457,u020,click,2025-01-20T02:05:35Z,
e0458,u010,view,2025-01-03T22:57:43Z,
e0459,u018,purchase,2025-01-16T01:31:19Z,100.69
e0460,u011,click,2025-01-04T23:54:42Z,
e0461,u022,click,2025-01-03T20:32:35Z,
e0462,u004,view,2025-01-15T14:12:59Z,
e0463,u035,view,2025-01-04T14:23:46Z,
e0464,u045,purchase,2025-01-14T12:00:28Z,193.22
e0465,u007,view,2025-01-15T13:33:48Z,
e0466,u030,click,2025-01-10T10:53:01Z,
e0467,u028,click,2025-01-05T09:00:54Z,
e0468,u012,view,2025-01-12T20:08:05Z,
e0469,u014,click,2025-01-17T00:34:24Z,
e0470,u006,view,2025-01-16T23:54:46Z,
e0471,u032,click,2025-01-11T02:06:30Z,
e0472,u007,purchase,2025-01-17T22:46:07Z,167.67
e0473,u017,click,2025-01-03T18:05:13Z,
e0474,u027,click,2025-01-01T03:49:01Z,
e0475,u041,purchase,2025-01-04T01:19:44Z,192.47
e0476,u007,view,2025-01-19T19:26:06Z,
e0477,u015,purchase,2025-01-12T06:16:38Z,94.73
e0478,u021,view,2025-01-08T23:50:37Z,
e0479,u003,purchase,2025-01-11T22:00:48Z,8.52
e0480,u012,purchase,2025-01-03T21:59:38Z,39.68
e0481,u038,click,2025-01-15T18:28:33Z,
e0482,u046,click,2025-01-05T00:50:56Z,
e0483,u038,purchase,2025-01-09T13:58:15Z,85.49
e0484,u046,view,2025-01-12T00:51:43Z,
e0485,u040,purchase,2025-01-15T12:31:00Z,61.73
e0486,u004,click,2025-01-01T00:16:55Z,
e0487,u016,click,2025-01-19T16:51:45Z,
e0488,u032,purchase,2025-01-09T22:32:53Z,95.44
e0489,u014,view,2025-01-13T11:54:57Z,
e0490,u012,click,2025-01-04T03:16:32Z,
e0491,u033,click,2025-01-01T10:03:03Z,
e0492,u022,purchase,2025-01-05T22:17:02Z,110.93
e0493,u036,click,2025-01-08T22:15:12Z,
e0494,u028,click,2025-01-04T20:17:10Z,
e0495,u028,click,2025-01-09T21:39:06Z,
e0496,u032,view,2025-01-16T11:56:40Z,
e0497,u042,purchase,2025-01-14T10:03:50Z,12.03
e0498,u045,purchase,2025-01-08T06:41:22Z,55.45
e0499,u016,view,2025-01-16T23:05:24Z,
e0500,u014,click,2025-01-08T06:20:48Z,
e0501,u032,purchase,2025-01-11T01:50:54Z,66.92
e0502,u015,purchase,2025-01-09T17:23:31Z,54.74
e0503,u043,view,2025-01-18T05:56:25Z,
e0504,u031,click,2025-01-10T21:39:37Z,
e0505,u023,view,2025-01-11T06:35:44Z,
e0506,u028,click,2025-01-02T11:29:34Z,
e0507,u022,click,2025-01-21T00:48:13Z,
e0508,u014,view,2025-01-02T02:31:02Z,
e0509,u024,click,2025-01-17T03:36:19Z,
e0510,u038,purchase,2025-01-18T17:49:33Z,136.67
e0511,u043,click,2025-01-07T00:03:45Z,
e0512,u048,view,2025-01-09T17:44:59Z,
e0513,u026,click,2025-01-02T15:13:26Z,
e0514,u038,purchase,2025-01-21T04:46:02Z,69.18
e0515,u010,view,2025-01-14T01:33:40Z,
e0516,u013,view,2025-01-04T15:45:46Z,
e0517,u029,click,2025-01-04T08:04:02Z,
e0518,u016,click,2025-01-06T13:22:07Z,
e0519,u002,click,2025-01-05T02:50:43Z,
e0520,u048,purchase,2025-01-12T18:46:51Z,46.88
e0521,u029,view,2025-01-04T23:48:09Z,
e0522,u011,purchase,2025-01-14T06:57:08Z,9.41
e0523,u012,click,2025-01-17T01:57:08Z,
e0524,u008,view,2025-01-08T05:43:50Z,
e0525,u002,purchase,2025-01-09T08:07:22Z,84.33
e0526,u027,purchase,2025-01-16T05:30:26Z,72.98
e0527,u026,view,2025-01-14T09:23:15Z,
e0528,u004,purchase,2025-01-04T00:27:35Z,25.24
e0529,u021,purchase,2025-01-10T00:28:47Z,198.26
e0530,u038,view,2025-01-07T00:44:12Z,
e0531,u016,click,2025-01-16T04:55:48Z,
e0532,u013,click,2025-01-15T15:41:29Z,
e0533,u020,click,2025-01-14T05:55:25Z,
e0534,u003,purchase,2025-01-18T15:23:39Z,16.54
e0535,u046,purchase,2025-01-04T00:39:43Z,143.68
e0536,u011,click,2025-01-20T21:21:53Z,
e0537,u022,view,2025-01-01T09:18:32Z,
e0538,u030,purchase,2025-01-10T20:14:51Z,181.64
e0539,u020,click,2025-01-02T11:54:54Z,
e0540,u022,click,2025-01-12T02:51:08Z,
e0541,u048,purchase,2025-01-09T00:15:21Z,181.11
e0542,u004,view,2025-01-20T20:28:13Z,
e0543,u011,click,2025-01-09T05:40:16Z,
e0544,u040,view,2025-01-19T13:55:39Z,
e0545,u011,purchase,2025-01-16T21:06:54Z,27.99
e0546,u019,purchase,2025-01-05T16:27:21Z,20.34
e0547,u038,view,2025-01-14T15:25:48Z,
e0548,u021,purchase,2025-01-16T11:38:02Z,164.57
e0549,u050,view,2025-01-12T18:25:52Z,
e0550,u019,view,2025-01-21T14:05:20Z,
e0551,u042,purchase,2025-01-02T21:35:10Z,46.87
e0552,u002,purchase,2025-01-21T12:34:37Z,60.7
e0553,u020,click,2025-01-21T05:45:55Z,
e0554,u049,click,2025-01-05T05:55:10Z,
e0555,u010,purchase,2025-01-03T08:53:45Z,152.21
e0556,u035,click,2025-01-09T14:40:19Z,
e0557,u032,click,2025-01-07T06:51:55Z,
e0558,u008,view,2025-01-15T22:38:06Z,
e0559,u036,click,2025-01-15T08:39:21Z,
e0560,u001,purchase,2025-01-08T08:52:20Z,135.61
e0561,u001,purchase,2025-01-09T10:27:18Z,119.57
e0562,u037,click,2025-01-03T08:29:50Z,
e0563,u049,purchase,2025-01-03T10:27:44Z,39.42
e0564,u007,view,2025-01-20T21:58:25Z,
e0565,u029,purchase,2025-01-07T04:47:46Z,24.01
e0566,u047,view,2025-01-02T19:28:56Z,
e0567,u013,view,2025-01-11T16:37:42Z,
e0568,u011,click,2025-01-11T16:50:40Z,
e0569,u020,view,2025-01-12T12:50:18Z,
e0570,u036,purchase,2025-01-14T06:44:08Z,15.77
e0571,u002,purchase,2025-01-01T16:26:06Z,104.16
e0572,u048,purchase,2025-01-15T13:19:41Z,153.58
e0573,u015,purchase,2025-01-12T20:47:11Z,192.97
e0574,u048,click,2025-01-06T23:59:11Z,
e0575,u035,click,2025-01-10T04:08:48Z,
e0576,u012,click,2025-01-11T21:16:34Z,
e0577,u012,click,2025-01-04T01:27:21Z,
e0578,u037,purchase,2025-01-03T18:33:10Z,111.56
e0579,u050,purchase,2025-01-03T13:52:40Z,141.36
e0580,u047,click,2025-01-05T07:14:25Z,
e0581,u036,view,2025-01-10T20:01:55Z,
e0582,u049,view,2025-01-15T02:01:22Z,
e0583,u043,view,2025-01-21T18:45:00Z,
e0584,u006,purchase,2025-01-17T19:29:30Z,175.86
e0585,u020,purchase,2025-01-04T04:31:03Z,67.76
e0586,u003,purchase,2025-01-18T06:29:54Z,11.07
e0587,u011,purchase,2025-01-07T06:26:18Z,198.75
e0588,u039,purchase,2025-01-20T23:37:28Z,43.23
e0589,u045,purchase,2025-01-07T02:15:59Z,146.2
e0590,u010,view,2025-01-09T15:58:33Z,
e0591,u047,view,2025-01-14T15:35:59Z,
e0592,u034,click,2025-01-01T00:55:11Z,
e0593,u028,view,2025-01-16T09:11:29Z,
e0594,u011,purchase,2025-01-05T22:00:23Z,147.97
e0595,u018,purchase,2025-01-20T07:47:40Z,52.66
e0596,u036,click,2025-01-15T00:28:35Z,
e0597,u025,click,2025-01-11T04:49:38Z,
e0598,u030,purchase,2025-01-08T05:52:52Z,170.09
e0599,u004,view,2025-01-13T22:40:41Z,
e0600,u011,view,2025-01-14T05:05:17Z,
e0601,u049,click,2025-01-11T02:57:38Z,
e0602,u008,purchase,2025-01-20T07:21:31Z,175.36
e0603,u047,purchase,2025-01-02T06:34:12Z,72.96
e0604,u033,purchase,2025-01-06T12:44:47Z,164.27
e0605,u029,purchase,2025-01-17T04:51:19Z,154.11
e0606,u038,click,2025-01-15T11:37:32Z,
e0607,u024,purchase,2025-01-06T14:47:46Z,118.32
e0608,u014,purchase,2025-01-21T04:36:36Z,130.16
e0609,u039,view,2025-01-03T03:06:56Z,
e0610,u004,view,2025-01-15T02:18:18Z,
e0611,u042,view,2025-01-15T02:20:42Z,
e0612,u049,click,2025-01-12T10:06:09Z,
e0613,u048,click,2025-01-05T13:48:46Z,
e0614,u018,view,2025-01-09T04:49:53Z,
e0615,u007,purchase,2025-01-18T19:38:13Z,134.41
e0616,u016,purchase,2025-01-13T14:54:20Z,64.08
e0617,u041,view,2025-01-10T14:47:23Z,
e0618,u009,purchase,2025-01-21T20:17:33Z,88.76
e0619,u022,purchase,2025-01-21T12:31:45Z,43.67
e0620,u005,view,2025-01-07T14:48:00Z,
e0621,u038,purchase,2025-01-21T09:55:40Z,126.67
e0622,u032,click,2025-01-07T22:22:39Z,
e0623,u006,click,2025-01-07T17:02:59Z,
e0624,u037,click,2025-01-03T23:59:29Z,
e0625,u007,purchase,2025-01-15T06:53:46Z,94.54
e0626,u049,purchase,2025-01-07T12:28:35Z,147.74
e0627,u050,click,2025-01-12T10:32:41Z,
e0628,u003,purchase,2025-01-12T11:56:17Z,57.05
e0629,u013,purchase,2025-01-20T12:36:49Z,179.9
e0630,u030,click,2025-01-09T22:16:50Z,
e0631,u022,click,2025-01-20T17:08:54Z,
e0632,u040,click,2025-01-14T15:57:23Z,
e0633,u006,view,2025-01-06T04:44:52Z,
e0634,u035,view,2025-01-20T11:53:19Z,
e0635,u003,view,2025-01-13T12:23:18Z,
e0636,u010,click,2025-01-19T06:45:24Z,
e0637,u044,purchase,2025-01-11T22:27:20Z,9.08
e0638,u025,view,2025-01-18T06:29:38Z,
e0639,u020,view,2025-01-12T09:12:46Z,
e0640,u004,click,2025-01-21T02:56:40Z,
e0641,u008,view,2025-01-08T23:45:38Z,
e0642,u034,click,2025-01-12T13:45:34Z,
e0643,u005,click,2025-01-06T07:36:34Z,
e0644,u028,click,2025-01-05T17:55:18Z,
e0645,u016,purchase,2025-01-05T11:44:12Z,182.52
e0646,u046,click,2025-01-07T10:50:01Z,
e0647,u033,view,2025-01-09T01:18:01Z,
e0648,u020,view,2025-01-11T17:00:07Z,
e0649,u004,click,2025-01-10T00:51:32Z,
e0650,u013,click,2025-01-11T09:21:20Z,
e0651,u048,view,2025-01-05T11:24:33Z,
e0652,u027,click,2025-01-21T03:24:22Z,
e0653,u026,click,2025-01-15T22:37:55Z,
e0654,u006,purchase,2025-01-15T17:36:36Z,188.01
e0655,u018,view,2025-01-16T12:52:21Z,
e0656,u004,view,2025-01-17T06:25:05Z,
e0657,u018,click,2025-01-07T12:15:13Z,
e0658,u015,view,2025-01-06T12:22:09Z,
e0659,u018,view,2025-01-01T02:43:11Z,
e0660,u027,click,2025-01-04T21:50:18Z,
e0661,u006,view,2025-01-07T04:48:48Z,
e0662,u047,view,2025-01-17T14:53:46Z,
e0663,u013,click,2025-01-12T02:48:52Z,
e0664,u036,purchase,2025-01-03T00:07:14Z,73.5
e0665,u038,view,2025-01-15T21:53:31Z,
e0666,u032,view,2025-01-19T17:04:49Z,
e0667,u018,click,2025-01-04T01:03:20Z,
e0668,u033,click,2025-01-08T20:40:45Z,
e0669,u021,purchase,2025-01-17T16:24:06Z,16.15
e0670,u024,view,2025-01-09T20:38:45Z,
e0671,u016,view,2025-01-06T19:39:32Z,
e0672,u050,click,2025-01-06T15:10:53Z,
e0673,u001,click,2025-01-08T02:17:54Z,
e0674,u046,purchase,2025-01-11T08:14:48Z,89.04
e0675,u041,click,2025-01-01T02:51:42Z,
e0676,u006,click,2025-01-14T06:47:07Z,
e0677,u035,purchase,2025-01-21T16:42:35Z,131.64
e0678,u027,click,2025-01-21T18:27:44Z,
e0679,u047,click,2025-01-13T20:08:00Z,
e0680,u017,click,2025-01-16T13:26:02Z,
e0681,u002,purchase,2025-01-14T17:43:50Z,109.56
e0682,u034,purchase,2025-01-16T07:12:23Z,79.72
e0683,u034,purchase,2025-01-14T02:31:14Z,103.51
e0684,u019,view,2025-01-05T19:36:49Z,
e0685,u014,purchase,2025-01-21T18:42:38Z,36.76
e0686,u039,purchase,2025-01-08T12:10:28Z,171.34
e0687,u022,click,2025-01-02T18:54:45Z,
e0688,u049,click,2025-01-15T08:10:13Z,
e0689,u019,view,2025-01-10T22:59:48Z,
e0690,u044,click,2025-01-20T00:54:21Z,
e0691,u050,click,2025-01-08T05:23:14Z,
e0692,u049,purchase,2025-01-01T17:51:20Z,143.75
e0693,u050,click,2025-01-01T09:28:35Z,
e0694,u014,view,2025-01-20T20:25:18Z,
e0695,u047,purchase,2025-01-12T20:00:38Z,99.54
e0696,u027,click,2025-01-15T20:35:44Z,
e0697,u048,click,2025-01-10T07:30:47Z,
e0698,u042,click,2025-01-06T22:14:57Z,
e0699,u024,purchase,2025-01-16T10:55:42Z,110.53
e0700,u032,click,2025-01-08T08:37:21Z,
e0701,u043,view,2025-01-10T23:57:46Z,
e0702,u022,view,2025-01-16T10:01:06Z,
e0703,u045,view,2025-01-21T10:27:34Z,
e0704,u008,view,2025-01-11T17:58:36Z,
e0705,u049,view,2025-01-16T10:21:42Z,
e0706,u024,click,2025-01-01T19:08:29Z,
e0707,u035,view,2025-01-02T13:10:50Z,
e0708,u019,purchase,2025-01-03T06:43:04Z,159.77
e0709,u026,view,2025-01-12T17:11:56Z,
e0710,u004,click,2025-01-11T10:49:57Z,
e0711,u035,click,2025-01-14T23:11:35Z,
e0712,u016,click,2025-01-21T00:20:43Z,
e0713,u037,purchase,2025-01-18T08:06:21Z,136.5
e0714,u005,view,2025-01-18T00:04:13Z,
e0715,u027,view,2025-01-14T11:43:47Z,
e0716,u011,purchase,2025-01-04T01:33:39Z,95.54
e0717,u002,click,2025-01-14T02:40:39Z,
e0718,u021,view,2025-01-09T13:19:30Z,
e0719,u041,click,2025-01-04T12:19:31Z,
e0720,u020,view,2025-01-08T01:00:55Z,
e0721,u041,view,2025-01-04T23:47:48Z,
e0722,u040,click,2025-01-16T00:46:00Z,
e0723,u034,click,2025-01-10T04:57:59Z,
e0724,u041,click,2025-01-10T02:22:22Z,
e0725,u009,view,2025-01-13T04:09:33Z,
e0726,u006,click,2025-01-16T20:53:33Z,
e0727,u017,view,2025-01-02T04:45:37Z,
e0728,u049,click,2025-01-14T08:09:43Z,
e0729,u016,purchase,2025-01-11T07:32:42Z,32.55
e0730,u030,view,2025-01-19T08:01:39Z,
e0731,u012,click,2025-01-10T07:13:40Z,
e0732,u020,click,2025-01-14T10:45:50Z,
e0733,u011,view,2025-01-16T09:37:46Z,
e0734,u038,purchase,2025-01-17T01:56:28Z,41.22
e0735,u029,purchase,2025-01-03T00:33:21Z,174.23
e0736,u029,purchase,2025-01-07T12:37:08Z,20.13
e0737,u030,view,2025-01-15T08:45:34Z,
e0738,u028,view,2025-01-06T14:26:55Z,
e0739,u007,click,2025-01-01T22:50:51Z,
e0740,u047,view,2025-01-17T19:21:22Z,
e0741,u048,purchase,2025-01-19T07:59:50Z,114.95
e0742,u038,view,2025-01-19T12:30:24Z,
e0743,u043,purchase,2025-01-04T06:02:17Z,154.58
e0744,u013,purchase,2025-01-10T00:08:35Z,85.77
e0745,u002,view,2025-01-13T10:41:29Z,
e0746,u046,view,2025-01-08T20:47:29Z,
e0747,u021,click,2025-01-02T18:23:53Z,
e0748,u049,click,2025-01-19T17:50:16Z,
e0749,u050,purchase,2025-01-19T06:09:36Z,185.92
e0750,u037,view,2025-01-13T22:05:55Z,
e0751,u025,click,2025-01-07T01:46:01Z,
e0752,u035,purchase,2025-01-05T16:12:05Z,161.09
e0753,u002,click,2025-01-08T06:21:08Z,
e0754,u038,view,2025-01-13T08:55:48Z,
e0755,u007,click,2025-01-04T16:30:10Z,
e0756,u001,purchase,2025-01-10T21:27:18Z,110.18
e0757,u037,purchase,2025-01-18T04:57:22Z,134.46
e0758,u047,purchase,2025-01-05T01:27:32Z,88.6
e0759,u003,click,2025-01-06T04:42:12Z,
e0760,u046,view,2025-01-18T19:08:41Z,
e0761,u028,purchase,2025-01-01T16:45:37Z,116.46
e0762,u041,click,2025-01-08T07:35:00Z,
e0763,u005,click,2025-01-18T13:10:23Z,
e0764,u032,purchase,2025-01-15T12:42:36Z,154.3
e0765,u036,view,2025-01-19T18:53:48Z,
e0766,u010,purchase,2025-01-09T20:22:40Z,77.86
e0767,u050,click,2025-01-18T20:59:34Z,
e0768,u047,click,2025-01-07T09:47:38Z,
e0769,u032,click,2025-01-12T02:52:10Z,
e0770,u018,purchase,2025-01-19T11:02:35Z,32.73
e0771,u025,view,2025-01-07T02:15:09Z,
e0772,u011,purchase,2025-01-12T02:23:00Z,176.87
e0773,u003,click,2025-01-14T23:56:59Z,
e0774,u027,purchase,2025-01-02T19:10:47Z,177.5
e0775,u033,click,2025-01-17T09:09:13Z,
e0776,u032,click,2025-01-02T09:00:02Z,
e0777,u037,view,2025-01-03T05:42:19Z,
e0778,u008,click,2025-01-20T10:26:40Z,
e0779,u046,view,2025-01-16T17:16:04Z,
e0780,u031,purchase,2025-01-02T22:23:03Z,170.82
e0781,u018,click,2025-01-05T09:46:45Z,
e0782,u046,purchase,2025-01-16T17:15:57Z,140.09
e0783,u007,click,2025-01-12T22:35:44Z,
e0784,u045,purchase,2025-01-07T05:40:01Z,19.42
e0785,u021,view,2025-01-01T10:41:55Z,
e0786,u024,purchase,2025-01-14T06:57:41Z,149.58
e0787,u030,click,2025-01-18T20:24:41Z,
e0788,u035,view,2025-01-01T22:42:25Z,
e0789,u005,view,2025-01-01T01:19:49Z,
e0790,u043,purchase,2025-01-17T08:08:23Z,155.4
e0791,u033,purchase,2025-01-15T06:10:19Z,55.57
e0792,u009,click,2025-01-07T01:15:48Z,
e0793,u022,purchase,2025-01-07T05:45:58Z,93.56
e0794,u043,click,2025-01-01T16:47:30Z,
e0795,u010,view,2025-01-14T13:36:22Z,
e0796,u038,purchase,2025-01-07T23:45:40Z,171.51
e0797,u043,purchase,2025-01-14T06:17:20Z,112.6
e0798,u002,purchase,2025-01-19T10:35:21Z,16.61
e0799,u009,click,2025-01-12T10:52:13Z,
e0800,u032,click,2025-01-17T06:16:44Z,
e0801,u010,view,2025-01-03T06:50:02Z,
e0802,u035,view,2025-01-07T14:38:21Z,
e0803,u022,click,2025-01-20T08:21:45Z,
e0804,u007,purchase,2025-01-03T04:53:43Z,32.33
e0805,u021,click,2025-01-04T12:54:14Z,
e0806,u050,view,2025-01-17T18:59:30Z,
e0807,u010,purchase,2025-01-14T21:47:38Z,24.35
e0808,u021,view,2025-01-15T00:42:44Z,
e0809,u042,purchase,2025-01-18T19:53:36Z,160.44
e0810,u007,click,2025-01-15T22:39:52Z,
e0811,u050,purchase,2025-01-19T09:14:40Z,73.54
e0812,u010,purchase,2025-01-17T00:24:38Z,124.3
e0813,u048,click,2025-01-09T05:55:52Z,
e0814,u031,click,2025-01-05T00:05:09Z,
e0815,u014,view,2025-01-14T15:09:24Z,
e0816,u045,view,2025-01-20T13:18:28Z,
e0817,u009,view,2025-01-16T22:27:39Z,
e0818,u041,purchase,2025-01-09T18:57:44Z,91.89
e0819,u035,view,2025-01-17T21:20:21Z,
e0820,u013,view,2025-01-21T03:53:56Z,
e0821,u023,purchase,2025-01-20T14:57:48Z,124.81
e0822,u043,click,2025-01-06T00:08:43Z,
e0823,u048,click,2025-01-21T11:04:41Z,
e0824,u040,view,2025-01-10T22:16:33Z,
e0825,u040,view,2025-01-06T15:02:36Z,
e0826,u012,view,2025-01-16T04:17:09Z,
e0827,u023,purchase,2025-01-09T05:22:41Z,23.52
e0828,u001,view,2025-01-21T23:26:58Z,
e0829,u014,purchase,2025-01-20T07:47:06Z,181.97
e0830,u002,click,2025-01-04T06:12:08Z,
e0831,u050,view,2025-01-11T05:13:14Z,
e0832,u023,view,2025-01-15T22:05:35Z,
e0833,u021,view,2025-01-01T07:51:56Z,
e0834,u037,click,2025-01-11T00:30:50Z,
e0835,u046,click,2025-01-21T10:31:19Z,
e0836,u012,view,2025-01-18T19:50:11Z,
e0837,u027,click,2025-01-18T03:05:38Z,
e0838,u006,view,2025-01-18T11:59:57Z,
e0839,u002,view,2025-01-19T04:04:30Z,
e0840,u003,purchase,2025-01-12T12:35:28Z,155.82
e0841,u014,click,2025-01-02T08:05:27Z,
e0842,u048,click,2025-01-10T23:09:50Z,
e0843,u007,click,2025-01-10T02:57:46Z,
e0844,u006,click,2025-01-03T19:15:51Z,
e0845,u038,purchase,2025-01-04T13:23:32Z,58.65
e0846,u047,view,2025-01-03T09:48:16Z,
e0847,u001,purchase,2025-01-06T22:40:00Z,20.44
e0848,u005,click,2025-01-03T13:06:34Z,
e0849,u038,click,2025-01-01T12:28:34Z,
e0850,u031,view,2025-01-13T13:29:18Z,
e0851,u050,click,2025-01-16T19:03:35Z,
e0852,u045,click,2025-01-04T09:01:28Z,
e0853,u019,view,2025-01-15T22:28:06Z,
e0854,u027,view,2025-01-15T17:08:59Z,
e0855,u006,click,2025-01-11T03:54:41Z,
e0856,u039,click,2025-01-06T13:37:01Z,
e0857,u048,click,2025-01-05T17:32:40Z,
e0858,u029,click,2025-01-07T06:37:14Z,
e0859,u038,view,2025-01-04T22:00:31Z,
e0860,u035,purchase,2025-01-11T05:28:15Z,136.68
e0861,u004,view,2025-01-17T18:04:51Z,
e0862,u040,click,2025-01-16T17:07:42Z,
e0863,u019,click,2025-01-20T19:24:17Z,
e0864,u015,view,2025-01-13T18:13:02Z,
e0865,u010,view,2025-01-19T23:22:53Z,
e0866,u033,click,2025-01-04T20:50:37Z,
e0867,u030,purchase,2025-01-13T08:48:58Z,48.5
e0868,u048,view,2025-01-12T13:22:19Z,
e0869,u050,view,2025-01-08T09:50:53Z,
e0870,u019,purchase,2025-01-09T08:27:17Z,28.49
e0871,u037,purchase,2025-01-15T12:45:48Z,173.36
e0872,u030,purchase,2025-01-04T22:52:19Z,198.42
e0873,u006,purchase,2025-01-16T09:06:56Z,185.32
e0874,u003,click,2025-01-05T22:07:56Z,
e0875,u036,purchase,2025-01-01T11:11:42Z,83.09
e0876,u029,view,2025-01-02T11:57:29Z,
e0877,u011,purchase,2025-01-08T20:13:31Z,9.56
e0878,u049,view,2025-01-08T12:49:58Z,
e0879,u040,purchase,2025-01-11T17:31:05Z,105.01
e0880,u035,view,2025-01-13T20:04:48Z,
e0881,u025,purchase,2025-01-12T05:54:48Z,115.44
e0882,u037,purchase,2025-01-14T22:52:28Z,26.2
e0883,u025,purchase,2025-01-21T04:05:56Z,160.44
e0884,u040,view,2025-01-01T00:12:17Z,
e0885,u048,view,2025-01-11T14:19:13Z,
e0886,u040,click,2025-01-04T01:16:15Z,
e0887,u035,click,2025-01-04T10:02:13Z,
e0888,u049,click,2025-01-01T03:49:26Z,
e0889,u029,view,2025-01-04T11:36:17Z,
e0890,u013,click,2025-01-20T20:14:30Z,
e0891,u007,purchase,2025-01-15T13:22:10Z,9.16
e0892,u027,view,2025-01-07T22:28:26Z,
e0893,u023,view,2025-01-10T12:16:14Z,
e0894,u045,purchase,2025-01-13T16:27:26Z,193.86
e0895,u028,view,2025-01-02T03:21:38Z,
e0896,u046,click,2025-01-02T11:06:20Z,
e0897,u020,view,2025-01-09T01:29:39Z,
e0898,u010,view,2025-01-19T14:07:10Z,
e0899,u006,click,2025-01-09T20:22:06Z,
e0900,u016,purchase,2025-01-16T22:11:25Z,6.51
e0901,u045,click,2025-01-05T18:45:17Z,
e0902,u035,click,2025-01-10T13:12:20Z,
e0903,u039,click,2025-01-20T14:35:24Z,
e0904,u031,click,2025-01-06T11:10:39Z,
e0905,u035,view,2025-01-08T00:17:58Z,
e0906,u041,purchase,2025-01-01T11:53:05Z,182.69
e0907,u002,purchase,2025-01-19T04:46:41Z,158.32
e0908,u049,click,2025-01-01T22:40:38Z,
e0909,u005,click,2025-01-13T16:44:40Z,
e0910,u005,purchase,2025-01-16T15:47:11Z,133.16
e0911,u011,view,2025-01-21T13:41:37Z,
e0912,u045,click,2025-01-09T00:14:12Z,
e0913,u006,view,2025-01-08T11:32:57Z,
e0914,u041,click,2025-01-12T19:58:40Z,
e0915,u025,click,2025-01-15T20:21:10Z,
e0916,u022,purchase,2025-01-14T04:14:14Z,157.49
e0917,u012,click,2025-01-11T08:08:53Z,
e0918,u041,view,2025-01-07T05:57:32Z,
e0919,u009,purchase,2025-01-03T21:48:53Z,26.13
e0920,u026,click,2025-01-03T04:28:20Z,
e0921,u038,purchase,2025-01-19T12:47:49Z,47.02
e0922,u027,view,2025-01-09T19:47:10Z,
e0923,u029,view,2025-01-04T16:41:58Z,
e0924,u007,purchase,2025-01-15T08:49:25Z,14.1
e0925,u012,view,2025-01-02T16:18:28Z,
e0926,u034,click,2025-01-15T12:50:11Z,
e0927,u001,click,2025-01-04T23:59:42Z,
e0928,u004,purchase,2025-01-05T23:55:45Z,135.62
e0929,u037,view,2025-01-01T15:12:36Z,
e0930,u031,view,2025-01-20T02:30:02Z,
e0931,u034,purchase,2025-01-13T16:54:06Z,107.8
e0932,u002,click,2025-01-17T08:27:40Z,
e0933,u040,click,2025-01-14T01:48:05Z,
e0934,u030,click,2025-01-10T15:24:54Z,
e0935,u043,view,2025-01-06T11:23:24Z,
e0936,u026,view,2025-01-08T12:23:11Z,
e0937,u034,click,2025-01-12T08:25:27Z,
e0938,u036,view,2025-01-05T17:05:40Z,
e0939,u042,click,2025-01-21T12:41:33Z,
e0940,u023,purchase,2025-01-10T21:07:26Z,76.75
e0941,u017,purchase,2025-01-08T16:32:55Z,26.43
e0942,u036,click,2025-01-18T16:46:23Z,
e0943,u022,purchase,2025-01-17T03:50:40Z,179.17
e0944,u016,click,2025-01-04T09:32:07Z,
e0945,u032,purchase,2025-01-16T09:28:38Z,152.17
e0946,u030,purchase,2025-01-01T18:27:52Z,78.97
e0947,u026,purchase,2025-01-09T02:21:34Z,184.28
e0948,u030,purchase,2025-01-03T20:22:07Z,141.13
e0949,u002,purchase,2025-01-12T22:07:43Z,31.7
e0950,u031,purchase,2025-01-09T21:54:12Z,173.35
e0951,u027,view,2025-01-05T12:36:54Z,
e0952,u029,view,2025-01-12T21:42:17Z,
e0953,u013,click,2025-01-10T11:04:49Z,
e0954,u010,view,2025-01-20T18:31:03Z,
e0955,u021,purchase,2025-01-18T05:32:25Z,164.83
e0956,u015,purchase,2025-01-16T23:00:15Z,179.98
e0957,u023,purchase,2025-01-17T17:52:44Z,53.49
e0958,u012,click,2025-01-18T16:41:34Z,
e0959,u006,click,2025-01-04T03:00:33Z,
e0960,u032,purchase,2025-01-02T10:32:19Z,168.13
e0961,u049,view,2025-01-18T01:27:58Z,
e0962,u019,click,2025-01-12T07:57:07Z,
e0963,u043,click,2025-01-19T22:26:58Z,
e0964,u031,click,2025-01-17T00:31:55Z,
e0965,u028,click,2025-01-08T22:15:34Z,
e0966,u037,click,2025-01-13T19:50:46Z,
e0967,u044,click,2025-01-18T10:42:53Z,
e0968,u027,purchase,2025-01-18T14:54:10Z,145.54
e0969,u050,view,2025-01-05T19:50:20Z,
e0970,u010,view,2025-01-03T10:16:22Z,
e0971,u036,click,2025-01-12T08:06:13Z,
e0972,u017,click,2025-01-05T06:13:36Z,
e0973,u034,view,2025-01-20T16:18:45Z,
e0974,u027,click,2025-01-06T12:41:43Z,
e0975,u002,purchase,2025-01-09T06:07:03Z,153.41
e0976,u027,view,2025-01-16T09:17:21Z,
e0977,u017,click,2025-01-20T08:32:43Z,
e0978,u014,purchase,2025-01-21T16:44:53Z,118.7
e0979,u034,click,2025-01-09T02:28:34Z,
e0980,u043,view,2025-01-16T22:58:59Z,
e0981,u043,click,2025-01-17T08:16:22Z,
e0982,u045,purchase,2025-01-20T12:06:13Z,51.56
e0983,u019,purchase,2025-01-13T18:09:44Z,170.74
e0984,u005,purchase,2025-01-02T07:10:07Z,166.09
e0985,u016,purchase,2025-01-03T22:15:52Z,89.71
e0986,u035,click,2025-01-04T14:15:10Z,
e0987,u018,view,2025-01-06T22:06:30Z,
e0988,u018,click,2025-01-12T01:53:54Z,
e0989,u012,click,2025-01-19T03:38:30Z,
e0990,u013,purchase,2025-01-07T04:19:12Z,136.96
e0991,u013,purchase,2025-01-13T22:44:44Z,95.32
e0992,u033,click,2025-01-04T02:47:23Z,
e0993,u038,purchase,2025-01-14T02:02:57Z,40.37
e0994,u002,view,2025-01-18T13:06:01Z,
e0995,u029,click,2025-01-05T19:06:58Z,
e0996,u021,click,2025-01-14T17:29:54Z,
e0997,u036,view,2025-01-19T17:42:31Z,
e0998,u024,purchase,2025-01-15T02:06:10Z,97.45
e0999,u043,purchase,2025-01-11T18:23:18Z,182.08
e1000,u010,view,2025-01-13T23:54:14Z,
e1001,u019,purchase,2025-01-10T08:59:06Z,88.43
e1002,u011,purchase,2025-01-06T16:22:35Z,121.49
e1003,u019,view,2025-01-08T23:30:03Z,
e1004,u002,click,2025-01-21T00:45:31Z,
e1005,u013,view,2025-01-21T16:38:40Z,
e1006,u041,view,2025-01-10T06:58:32Z,
e1007,u030,view,2025-01-06T05:42:19Z,
e1008,u019,view,2025-01-20T18:17:50Z,
e1009,u024,view,2025-01-10T10:04:06Z,
e1010,u027,view,2025-01-20T06:03:11Z,
e1011,u017,purchase,2025-01-20T12:19:07Z,78.42
e1012,u017,purchase,2025-01-10T05:07:51Z,114.17
e1013,u017,click,2025-01-02T08:18:53Z,
e1014,u043,click,2025-01-13T17:37:08Z,
e1015,u016,click,2025-01-12T10:43:48Z,
e1016,u032,purchase,2025-01-02T22:33:37Z,192.56
e1017,u033,view,2025-01-11T21:21:14Z,
e1018,u044,view,2025-01-19T18:30:44Z,
e1019,u047,view,2025-01-13T17:31:35Z,
e1020,u040,click,2025-01-11T22:41:16Z,
e1021,u034,click,2025-01-14T12:35:19Z,
e1022,u030,click,2025-01-03T22:01:47Z,
e1023,u033,view,2025-01-16T08:02:54Z,
e1024,u005,view,2025-01-20T23:02:13Z,
e1025,u045,click,2025-01-20T10:35:18Z,
e1026,u033,view,2025-01-14T21:00:15Z,
e1027,u047,purchase,2025-01-12T13:14:49Z,148.7
e1028,u050,view,2025-01-05T10:29:58Z,
e1029,u021,view,2025-01-09T19:02:42Z,
e1030,u019,view,2025-01-18T16:55:52Z,
e1031,u013,click,2025-01-18T23:56:10Z,
e1032,u032,click,2025-01-07T10:50:20Z,
e1033,u011,click,2025-01-18T04:11:43Z,
e1034,u043,purchase,2025-01-11T03:49:11Z,137.34
e1035,u050,click,2025-01-03T14:25:55Z,
e1036,u020,view,2025-01-17T17:02:39Z,
e1037,u032,click,2025-01-21T06:11:56Z,
e1038,u034,view,2025-01-02T11:58:24Z,
e1039,u047,purchase,2025-01-14T21:52:29Z,139.65
e1040,u008,view,2025-01-21T18:06:04Z,
e1041,u021,click,2025-01-18T10:04:31Z,
e1042,u047,view,2025-01-15T12:59:17Z,
e1043,u030,view,2025-01-18T13:27:13Z,
e1044,u009,view,2025-01-09T14:49:59Z,
e1045,u012,click,2025-01-20T22:04:12Z,
e1046,u008,view,2025-01-10T21:11:50Z,
e1047,u030,purchase,2025-01-05T14:12:13Z,166.17
e1048,u041,purchase,2025-01-10T05:18:46Z,13.41
e1049,u018,click,2025-01-15T13:34:57Z,
e1050,u049,purchase,2025-01-01T00:50:02Z,61.6
e1051,u040,click,2025-01-15T22:29:27Z,
e1052,u046,click,2025-01-21T23:57:50Z,
e1053,u003,click,2025-01-06T00:08:37Z,
e1054,u050,view,2025-01-14T18:11:30Z,
e1055,u022,purchase,2025-01-11T20:52:53Z,6.68
e1056,u011,purchase,2025-01-17T20:25:24Z,85.04
e1057,u002,purchase,2025-01-13T22:05:11Z,199.53
e1058,u003,view,2025-01-17T06:47:01Z,
e1059,u031,view,2025-01-15T03:37:11Z,
e1060,u020,purchase,2025-01-15T19:27:04Z,153.13
e1061,u006,click,2025-01-08T07:37:14Z,
e1062,u040,click,2025-01-09T13:20:40Z,
e1063,u048,click,2025-01-17T20:03:56Z,
e1064,u020,purchase,2025-01-15T15:40:23Z,48.03
e1065,u045,click,2025-01-14T23:20:36Z,
e1066,u007,purchase,2025-01-09T12:02:09Z,37.59
e1067,u002,click,2025-01-15T02:15:40Z,
e1068,u019,view,2025-01-14T09:00:49Z,
e1069,u049,purchase,2025-01-04T09:10:59Z,33.48
e1070,u003,purchase,2025-01-07T05:31:45Z,122.54
e1071,u033,click,2025-01-08T11:13:32Z,
e1072,u049,view,2025-01-03T10:14:09Z,
e1073,u015,view,2025-01-19T05:16:38Z,
e1074,u020,click,2025-01-20T00:56:15Z,
e1075,u003,purchase,2025-01-03T12:28:53Z,98.93
e1076,u023,click,2025-01-15T23:15:17Z,
e1077,u006,purchase,2025-01-07T20:08:03Z,43.11
e1078,u003,click,2025-01-07T03:00:55Z,
e1079,u015,click,2025-01-16T13:22:25Z,
e1080,u026,click,2025-01-18T19:45:22Z,
e1081,u045,view,2025-01-10T06:18:23Z,
e1082,u017,purchase,2025-01-07T15:48:09Z,21.34
e1083,u030,view,2025-01-15T13:06:43Z,
e1084,u027,purchase,2025-01-11T05:28:20Z,97.91
e1085,u020,click,2025-01-10T04:02:13Z,
e1086,u037,view,2025-01-17T19:04:52Z,
e1087,u018,view,2025-01-06T01:54:07Z,
e1088,u040,view,2025-01-13T14:21:59Z,
e1089,u045,click,2025-01-03T03:31:13Z,
e1090,u043,purchase,2025-01-08T01:53:24Z,162.54
e1091,u030,purchase,2025-01-14T16:04:04Z,89.25
e1092,u037,purchase,2025-01-04T17:16:23Z,26.28
e1093,u003,purchase,2025-01-21T03:16:12Z,16.81
e1094,u023,purchase,2025-01-19T00:17:10Z,66.38
e1095,u033,click,2025-01-03T10:23:07Z,
e1096,u016,view,2025-01-03T02:59:24Z,
e1097,u045,click,2025-01-04T20:31:06Z,
e1098,u001,purchase,2025-01-14T21:16:29Z,84.67
e1099,u045,purchase,2025-01-10T07:47:44Z,64.33
e1100,u014,click,2025-01-06T21:20:20Z,
e1101,u039,click,2025-01-13T14:01:35Z,
e1102,u035,purchase,2025-01-10T14:22:39Z,130.63
e1103,u031,click,2025-01-14T21:14:07Z,
e1104,u020,purchase,2025-01-15T15:08:45Z,90.63
e1105,u047,view,2025-01-15T16:47:05Z,
e1106,u026,view,2025-01-01T00:31:38Z,
e1107,u044,click,2025-01-09T23:16:11Z,
e1108,u005,click,2025-01-07T16:13:33Z,
e1109,u040,click,2025-01-13T13:01:18Z,
e1110,u026,purchase,2025-01-21T17:02:31Z,58.16
e1111,u012,view,2025-01-17T03:26:22Z,
e1112,u047,view,2025-01-21T23:58:05Z,
e1113,u015,click,2025-01-11T14:50:33Z,
e1114,u002,click,2025-01-16T00:43:20Z,
e1115,u018,click,2025-01-17T01:35:48Z,
e1116,u028,purchase,2025-01-06T23:11:32Z,47.76
e1117,u043,view,2025-01-01T22:59:17Z,
e1118,u015,click,2025-01-12T19:15:12Z,
e1119,u035,view,2025-01-14T10:47:03Z,
e1120,u023,click,2025-01-14T14:28:29Z,
e1121,u010,purchase,2025-01-13T22:56:29Z,77.02
e1122,u017,view,2025-01-14T03:36:15Z,
e1123,u018,click,2025-01-13T14:37:11Z,
e1124,u030,click,2025-01-13T15:35:31Z,
e1125,u025,view,2025-01-17T07:24:42Z,
e1126,u006,view,2025-01-12T08:18:16Z,
e1127,u039,click,2025-01-01T04:21:03Z,
e1128,u003,click,2025-01-17T05:24:13Z,
e1129,u027,click,2025-01-08T06:43:10Z,
e1130,u012,click,2025-01-01T20:27:43Z,
e1131,u020,view,2025-01-03T08:57:59Z,
e1132,u001,view,2025-01-11T05:50:13Z,
e1133,u039,purchase,2025-01-01T06:34:32Z,196.23
e1134,u002,click,2025-01-14T06:02:33Z,
e1135,u018,click,2025-01-21T13:20:57Z,
e1136,u024,purchase,2025-01-13T00:20:17Z,175.07
e1137,u014,click,2025-01-12T16:18:45Z,
e1138,u049,view,2025-01-13T16:36:24Z,
e1139,u017,click,2025-01-16T01:34:35Z,
e1140,u036,purchase,2025-01-21T13:10:24Z,31.25
e1141,u035,click,2025-01-16T10:43:19Z,
e1142,u003,view,2025-01-04T08:06:49Z,
e1143,u006,view,2025-01-16T10:34:46Z,
e1144,u043,purchase,2025-01-05T09:40:24Z,84.58
e1145,u013,purchase,2025-01-05T13:25:52Z,97.68
e1146,u005,click,2025-01-07T03:43:21Z,
e1147,u014,purchase,2025-01-03T12:00:14Z,141.8
e1148,u028,view,2025-01-05T18:15:07Z,
e1149,u039,purchase,2025-01-09T16:55:43Z,5.19
e1150,u001,purchase,2025-01-03T14:22:14Z,6.22
e1151,u047,view,2025-01-01T13:46:18Z,
e1152,u042,click,2025-01-05T23:54:11Z,
e1153,u018,view,2025-01-04T23:01:54Z,
e1154,u047,purchase,2025-01-03T11:50:37Z,180.28
e1155,u040,purchase,2025-01-19T23:07:07Z,91.56
e1156,u008,purchase,2025-01-07T02:33:09Z,175.5
e1157,u047,purchase,2025-01-05T13:00:33Z,51.52
e1158,u028,purchase,2025-01-03T05:24:29Z,199.09
e1159,u049,view,2025-01-06T19:07:39Z,
e1160,u027,purchase,2025-01-05T02:00:58Z,107.6
e1161,u020,purchase,2025-01-17T16:15:44Z,136.68
e1162,u020,view,2025-01-01T11:20:21Z,
e1163,u041,click,2025-01-08T05:31:48Z,
e1164,u032,purchase,2025-01-06T11:09:17Z,64.37
e1165,u050,purchase,2025-01-12T04:44:29Z,134.67
e1166,u004,click,2025-01-19T21:32:41Z,
e1167,u008,purchase,2025-01-19T05:02:11Z,11.82
e1168,u025,purchase,2025-01-01T17:23:23Z,192.95
e1169,u048,click,2025-01-01T22:27:10Z,
e1170,u044,click,2025-01-16T16:06:12Z,
e1171,u043,purchase,2025-01-21T02:36:46Z,16.29
e1172,u020,view,2025-01-16T21:01:06Z,
e1173,u028,purchase,2025-01-10T09:53:14Z,156.99
e1174,u050,view,2025-01-21T17:43:38Z,
e1175,u006,view,2025-01-17T22:15:07Z,
e1176,u040,purchase,2025-01-10T07:17:38Z,99.7
e1177,u016,purchase,2025-01-06T16:29:23Z,148.45
e1178,u035,purchase,2025-01-13T20:49:29Z,119.56
e1179,u030,view,2025-01-11T01:00:57Z,
e1180,u034,view,2025-01-01T18:39:43Z,
e1181,u004,view,2025-01-01T13:22:21Z,
e1182,u027,purchase,2025-01-11T19:27:45Z,178.76
e1183,u015,view,2025-01-04T07:14:40Z,
e1184,u033,view,2025-01-12T07:02:37Z,
e1185,u010,purchase,2025-01-10T19:27:37Z,57.18
e1186,u021,purchase,2025-01-21T05:32:16Z,15.55
e1187,u003,click,2025-01-20T19:37:14Z,
e1188,u023,purchase,2025-01-09T16:39:12Z,6.28
e1189,u030,view,2025-01-03T12:31:57Z,
e1190,u028,view,2025-01-18T08:11:49Z,
e1191,u036,click,2025-01-13T02:19:40Z,
e1192,u024,click,2025-01-02T01:56:28Z,
e1193,u026,purchase,2025-01-04T21:56:31Z,84.72
e1194,u014,click,2025-01-11T00:16:00Z,
e1195,u003,click,2025-01-06T11:22:25Z,
e1196,u040,click,2025-01-21T01:03:40Z,
e1197,u049,view,2025-01-18T13:20:35Z,
e1198,u046,purchase,2025-01-19T09:25:11Z,65.98
e1199,u035,view,2025-01-01T10:53:57Z,
e1200,u003,view,2025-01-09T16:06:33Z,
e1201,u007,click,2025-01-03T16:03:34Z,
e1202,u050,view,2025-01-10T14:50:28Z,
e1203,u050,click,2025-01-16T20:43:20Z,
e1204,u047,click,2025-01-09T21:38:03Z,
e1205,u049,click,2025-01-21T21:22:48Z,
e1206,u012,click,2025-01-07T03:53:06Z,
e1207,u035,purchase,2025-01-04T15:05:44Z,169.8
e1208,u019,view,2025-01-15T13:47:40Z,
e1209,u043,purchase,2025-01-19T00:54:30Z,120.33
e1210,u001,view,2025-01-04T16:10:25Z,
e1211,u006,view,2025-01-10T14:32:54Z,
e1212,u006,view,2025-01-15T02:38:38Z,
e1213,u013,click,2025-01-07T18:03:27Z,
e1214,u037,view,2025-01-08T17:03:58Z,
e1215,u040,click,2025-01-04T18:44:23Z,
e1216,u046,view,2025-01-14T00:37:28Z,
e1217,u014,view,2025-01-18T13:18:42Z,
e1218,u020,view,2025-01-12T15:12:11Z,
e1219,u037,purchase,2025-01-19T21:56:37Z,158.11
e1220,u007,purchase,2025-01-04T16:17:08Z,67.34
e1221,u049,purchase,2025-01-02T06:29:17Z,19.4
e1222,u015,purchase,2025-01-05T17:23:01Z,80.41
e1223,u026,click,2025-01-16T03:18:58Z,
e1224,u029,purchase,2025-01-19T21:05:42Z,125.19
e1225,u039,view,2025-01-18T05:52:39Z,
e1226,u028,purchase,2025-01-18T08:18:54Z,152.37
e1227,u002,purchase,2025-01-17T01:44:26Z,84.58
e1228,u048,click,2025-01-19T15:20:31Z,
e1229,u004,click,2025-01-04T17:23:39Z,
e1230,u037,purchase,2025-01-02T20:12:50Z,33.97
e1231,u007,click,2025-01-12T19:13:12Z,
e1232,u006,view,2025-01-09T22:53:37Z,
e1233,u020,click,2025-01-13T19:30:38Z,
e1234,u013,purchase,2025-01-17T06:04:14Z,41.57
e1235,u049,view,2025-01-06T13:52:31Z,
e1236,u039,view,2025-01-01T21:09:30Z,
e1237,u014,purchase,2025-01-08T17:11:01Z,14.59
e1238,u046,purchase,2025-01-10T02:04:34Z,111.79
e1239,u046,view,2025-01-16T14:29:05Z,
e1240,u038,click,2025-01-13T05:22:29Z,
e1241,u011,purchase,2025-01-05T04:45:38Z,148.04
e1242,u047,click,2025-01-06T06:21:11Z,
e1243,u012,click,2025-01-02T01:59:17Z,
e1244,u035,view,2025-01-09T07:05:44Z,
e1245,u023,view,2025-01-11T15:55:56Z,
e1246,u005,click,2025-01-13T19:17:45Z,
e1247,u025,click,2025-01-12T22:03:47Z,
e1248,u038,view,2025-01-03T07:18:05Z,
e1249,u017,click,2025-01-14T22:06:13Z,
e1250,u019,click,2025-01-10T07:12:13Z,
e1251,u012,click,2025-01-08T19:39:05Z,
e1252,u028,view,2025-01-09T22:10:12Z,
e1253,u045,click,2025-01-15T21:36:07Z,
e1254,u017,click,2025-01-17T15:56:14Z,
e1255,u016,purchase,2025-01-17T19:55:35Z,108.42
e1256,u003,purchase,2025-01-10T05:41:07Z,191.6
e1257,u022,view,2025-01-17T12:24:57Z,
e1258,u049,purchase,2025-01-18T12:35:40Z,58.46
e1259,u045,click,2025-01-14T19:22:39Z,
e1260,u005,click,2025-01-02T22:30:47Z,
e1261,u034,click,2025-01-15T22:24:41Z,
e1262,u039,view,2025-01-10T16:21:10Z,
e1263,u022,click,2025-01-13T22:50:33Z,
e1264,u019,click,2025-01-14T16:20:25Z,
e1265,u031,purchase,2025-01-04T18:11:47Z,8.27
e1266,u001,click,2025-01-17T14:22:13Z,
e1267,u044,click,2025-01-21T15:47:43Z,
e1268,u045,purchase,2025-01-03T05:00:35Z,168.3
e1269,u033,view,2025-01-20T11:18:39Z,
e1270,u046,click,2025-01-09T02:51:05Z,
e1271,u026,view,2025-01-15T22:54:25Z,
e1272,u036,view,2025-01-13T11:04:42Z,
e1273,u007,click,2025-01-03T22:55:38Z,
e1274,u011,purchase,2025-01-05T20:53:37Z,184.23
e1275,u031,view,2025-01-03T15:40:15Z,
e1276,u029,purchase,2025-01-14T20:58:55Z,119.0
e1277,u023,click,2025-01-17T12:10:31Z,
e1278,u026,purchase,2025-01-11T02:22:21Z,13.62
e1279,u017,view,2025-01-18T21:01:29Z,
e1280,u030,purchase,2025-01-20T13:21:55Z,17.06
e1281,u025,view,2025-01-09T07:04:38Z,
e1282,u048,view,2025-01-10T04:20:20Z,
e1283,u023,view,2025-01-03T11:23:40Z,
e1284,u014,purchase,2025-01-03T03:06:21Z,102.02
e1285,u039,click,2025-01-10T21:57:15Z,
e1286,u007,purchase,2025-01-02T00:49:15Z,182.07
e1287,u012,view,2025-01-19T03:34:56Z,
e1288,u003,purchase,2025-01-20T11:38:05Z,195.11
e1289,u014,view,2025-01-06T15:35:10Z,
e1290,u034,purchase,2025-01-01T21:30:10Z,28.36
e1291,u027,view,2025-01-13T00:27:54Z,
e1292,u009,purchase,2025-01-15T12:00:52Z,43.36
e1293,u013,click,2025-01-01T23:41:11Z,
e1294,u002,view,2025-01-09T10:35:36Z,
e1295,u021,click,2025-01-15T08:18:47Z,
e1296,u041,view,2025-01-04T19:36:07Z,
e1297,u010,view,2025-01-15T00:31:47Z,
e1298,u011,view,2025-01-16T04:38:07Z,
e1299,u050,purchase,2025-01-11T17:31:36Z,41.81
e1300,u005,view,2025-01-10T16:04:36Z,
e1301,u037,view,2025-01-12T16:11:23Z,
e1302,u032,click,2025-01-06T16:59:14Z,
e1303,u011,view,2025-01-02T22:18:22Z,
e1304,u023,purchase,2025-01-10T09:59:28Z,126.58
e1305,u025,click,2025-01-17T15:23:09Z,
e1306,u035,view,2025-01-05T07:36:51Z,
e1307,u003,view,2025-01-11T10:45:04Z,
e1308,u042,view,2025-01-20T22:37:41Z,
e1309,u031,purchase,2025-01-17T22:20:00Z,62.57
e1310,u042,purchase,2025-01-03T17:19:43Z,122.93
e1311,u022,purchase,2025-01-03T13:05:13Z,20.58
e1312,u035,view,2025-01-09T17:46:18Z,
e1313,u025,purchase,2025-01-12T00:19:36Z,11.65
e1314,u012,view,2025-01-13T01:54:57Z,
e1315,u025,purchase,2025-01-18T18:56:39Z,56.1
e1316,u017,click,2025-01-16T05:01:42Z,
e1317,u050,purchase,2025-01-15T19:40:23Z,61.67
e1318,u018,click,2025-01-04T06:19:50Z,
e1319,u033,view,2025-01-08T00:13:32Z,
e1320,u027,view,2025-01-07T04:22:12Z,
e1321,u034,purchase,2025-01-14T01:57:41Z,89.98
e1322,u001,click,2025-01-12T15:34:03Z,
e1323,u050,view,2025-01-08T02:23:37Z,
e1324,u034,purchase,2025-01-09T17:59:39Z,120.91
e1325,u049,view,2025-01-16T14:44:18Z,
e1326,u024,purchase,2025-01-08T22:46:50Z,185.19
e1327,u025,click,2025-01-16T08:41:19Z,
e1328,u045,purchase,2025-01-09T07:59:16Z,180.54
e1329,u033,click,2025-01-03T16:50:32Z,
e1330,u046,purchase,2025-01-15T19:22:27Z,177.78
e1331,u037,click,2025-01-16T10:30:27Z,
e1332,u048,view,2025-01-15T06:45:22Z,
e1333,u046,purchase,2025-01-19T11:21:27Z,20.52
e1334,u039,view,2025-01-11T08:15:41Z,
e1335,u041,view,2025-01-12T17:35:50Z,
e1336,u003,purchase,2025-01-18T12:09:33Z,123.56
e1337,u035,purchase,2025-01-21T01:18:04Z,56.7
e1338,u004,purchase,2025-01-08T10:29:35Z,170.1
e1339,u006,click,2025-01-10T13:35:34Z,
e1340,u016,purchase,2025-01-04T15:05:53Z,105.95
e1341,u042,purchase,2025-01-10T01:33:15Z,86.79
e1342,u018,view,2025-01-01T11:10:58Z,
e1343,u014,click,2025-01-02T09:25:37Z,
e1344,u044,purchase,2025-01-21T03:02:09Z,22.28
e1345,u043,click,2025-01-08T08:08:49Z,
e1346,u046,purchase,2025-01-06T08:36:06Z,23.28
e1347,u033,click,2025-01-09T09:38:35Z,
e1348,u031,click,2025-01-03T17:39:47Z,
e1349,u039,view,2025-01-08T00:33:22Z,
e1350,u002,click,2025-01-17T04:55:22Z,
e1351,u022,click,2025-01-01T15:23:53Z,
e1352,u020,click,2025-01-11T02:34:37Z,
e1353,u009,purchase,2025-01-07T11:14:17Z,187.58
e1354,u015,view,2025-01-21T15:54:48Z,
e1355,u036,purchase,2025-01-09T21:42:15Z,97.34
e1356,u037,view,2025-01-09T03:56:21Z,
e1357,u014,view,2025-01-12T17:26:24Z,
e1358,u027,view,2025-01-19T17:25:55Z,
e1359,u019,view,2025-01-21T00:39:04Z,
e1360,u032,view,2025-01-06T22:23:00Z,
e1361,u037,view,2025-01-19T18:10:07Z,
e1362,u049,click,2025-01-18T23:30:42Z,
e1363,u041,click,2025-01-03T17:05:47Z,
e1364,u025,purchase,2025-01-09T09:04:12Z,139.28
e1365,u043,purchase,2025-01-09T07:30:45Z,64.61
e1366,u020,click,2025-01-02T21:15:58Z,
e1367,u050,purchase,2025-01-16T05:38:33Z,165.71
e1368,u005,view,2025-01-01T07:40:53Z,
e1369,u011,view,2025-01-16T19:08:16Z,
e1370,u014,view,2025-01-18T11:39:08Z,
e1371,u048,click,2025-01-10T00:24:02Z,
e1372,u035,view,2025-01-04T13:18:13Z,
e1373,u045,click,2025-01-19T01:04:52Z,
e1374,u015,purchase,2025-01-20T22:55:30Z,100.57
e1375,u017,view,2025-01-19T08:10:48Z,
e1376,u011,purchase,2025-01-19T20:18:39Z,161.01
e1377,u004,click,2025-01-17T05:16:34Z,
e1378,u006,click,2025-01-06T13:16:22Z,
e1379,u015,purchase,2025-01-20T08:03:48Z,24.85
e1380,u001,click,2025-01-07T00:28:58Z,
e1381,u009,purchase,2025-01-20T08:12:30Z,167.03
e1382,u039,click,2025-01-15T10:27:55Z,
e1383,u044,click,2025-01-18T06:20:15Z,
e1384,u016,purchase,2025-01-13T22:42:57Z,159.77
e1385,u032,click,2025-01-07T11:05:02Z,
e1386,u022,purchase,2025-01-13T08:21:24Z,141.46
e1387,u049,view,2025-01-02T08:10:18Z,
e1388,u043,click,2025-01-16T02:45:02Z,
e1389,u047,click,2025-01-16T13:01:56Z,
e1390,u039,view,2025-01-08T00:50:03Z,
e1391,u048,purchase,2025-01-18T01:01:54Z,51.65
e1392,u020,purchase,2025-01-15T21:06:47Z,156.19
e1393,u047,click,2025-01-15T18:01:25Z,
e1394,u020,purchase,2025-01-05T00:01:44Z,170.29
e1395,u021,purchase,2025-01-13T22:18:41Z,53.58
e1396,u021,purchase,2025-01-10T22:46:07Z,23.04
e1397,u011,view,2025-01-10T00:56:02Z,
e1398,u010,purchase,2025-01-06T20:00:49Z,118.59
e1399,u017,click,2025-01-09T01:49:49Z,
e1400,u008,purchase,2025-01-15T00:56:49Z,63.51
e1401,u027,click,2025-01-17T21:38:38Z,
e1402,u016,view,2025-01-08T15:01:29Z,
e1403,u029,view,2025-01-20T07:04:19Z,
e1404,u047,click,2025-01-16T12:59:01Z,
e1405,u038,view,2025-01-06T22:29:43Z,
e1406,u033,view,2025-01-01T03:58:12Z,
e1407,u049,purchase,2025-01-08T17:25:37Z,196.4
e1408,u024,view,2025-01-03T02:18:24Z,
e1409,u006,view,2025-01-05T08:13:21Z,
e1410,u031,purchase,2025-01-05T03:21:24Z,170.96
e1411,u007,purchase,2025-01-05T11:23:07Z,150.48
e1412,u019,click,2025-01-13T02:06:02Z,
e1413,u024,purchase,2025-01-06T13:47:32Z,75.82
e1414,u021,view,2025-01-10T12:44:55Z,
e1415,u002,view,2025-01-15T06:06:19Z,
e1416,u026,purchase,2025-01-12T14:34:44Z,117.85
e1417,u005,click,2025-01-14T09:11:57Z,
e1418,u015,view,2025-01-03T02:07:52Z,
e1419,u050,view,2025-01-10T03:38:23Z,
e1420,u046,purchase,2025-01-14T17:09:37Z,181.48
e1421,u015,purchase,2025-01-06T18:10:46Z,17.19
e1422,u037,purchase,2025-01-18T07:17:45Z,187.13
e1423,u015,click,2025-01-18T09:31:09Z,
e1424,u030,click,2025-01-19T09:42:26Z,
e1425,u018,click,2025-01-02T14:24:42Z,
e1426,u032,click,2025-01-12T18:32:10Z,
e1427,u004,click,2025-01-07T18:14:22Z,
e1428,u027,click,2025-01-07T19:38:07Z,
e1429,u010,purchase,2025-01-16T22:00:55Z,186.1
e1430,u021,click,2025-01-01T21:47:50Z,
e1431,u015,purchase,2025-01-17T15:37:26Z,122.9
e1432,u014,purchase,2025-01-02T03:18:39Z,160.62
e1433,u008,view,2025-01-14T20:36:31Z,
e1434,u008,view,2025-01-17T20:02:34Z,
e1435,u041,click,2025-01-13T22:26:37Z,
e1436,u007,click,2025-01-12T14:32:36Z,
e1437,u004,purchase,2025-01-18T17:54:32Z,118.15
e1438,u030,view,2025-01-11T14:33:58Z,
e1439,u030,purchase,2025-01-12T00:51:42Z,98.87
e1440,u046,click,2025-01-21T14:04:42Z,
e1441,u042,purchase,2025-01-02T22:33:28Z,137.33
e1442,u028,click,2025-01-21T00:19:42Z,
e1443,u031,click,2025-01-20T18:06:37Z,
e1444,u019,click,2025-01-20T14:36:54Z,
e1445,u036,click,2025-01-10T04:13:39Z,
e1446,u049,view,2025-01-04T21:20:11Z,
e1447,u018,view,2025-01-03T14:35:44Z,
e1448,u037,view,2025-01-14T09:57:12Z,
e1449,u011,click,2025-01-16T11:57:17Z,
e1450,u034,click,2025-01-06T00:32:55Z,
e1451,u029,view,2025-01-05T12:12:49Z,
e1452,u033,click,2025-01-08T16:45:28Z,
e1453,u009,click,2025-01-01T20:30:40Z,
e1454,u001,view,2025-01-11T21:21:43Z,
e1455,u007,click,2025-01-16T02:27:00Z,
e1456,u017,click,2025-01-18T18:16:53Z,
e1457,u040,click,2025-01-03T02:33:28Z,
e1458,u035,view,2025-01-13T18:07:01Z,
e1459,u010,view,2025-01-03T07:17:23Z,
e1460,u023,click,2025-01-08T02:02:50Z,
e1461,u007,purchase,2025-01-04T21:49:58Z,160.13
e1462,u044,view,2025-01-06T08:48:16Z,
e1463,u047,view,2025-01-02T06:52:31Z,
e1464,u001,purchase,2025-01-17T01:51:58Z,167.69
e1465,u035,view,2025-01-21T22:05:00Z,
e1466,u023,purchase,2025-01-19T06:10:08Z,130.71
e1467,u004,purchase,2025-01-04T16:03:03Z,22.08
e1468,u050,click,2025-01-06T18:49:20Z,
e1469,u018,view,2025-01-06T21:16:28Z,
e1470,u003,click,2025-01-07T21:56:37Z,
e1471,u037,purchase,2025-01-08T15:29:02Z,105.32
e1472,u009,view,2025-01-03T02:08:19Z,
e1473,u030,click,2025-01-19T13:44:49Z,
e1474,u050,purchase,2025-01-11T02:01:55Z,55.42
e1475,u018,click,2025-01-06T02:00:09Z,
e1476,u010,purchase,2025-01-01T21:46:52Z,29.17
e1477,u005,click,2025-01-21T01:55:01Z,
e1478,u030,purchase,2025-01-09T14:41:22Z,54.63
e1479,u026,view,2025-01-19T21:36:53Z,
e1480,u042,view,2025-01-18T15:27:14Z,
e1481,u034,view,2025-01-10T22:19:11Z,
e1482,u029,purchase,2025-01-12T00:46:09Z,141.99
e1483,u049,click,2025-01-16T16:58:49Z,
e1484,u049,purchase,2025-01-20T18:14:09Z,158.63
e1485,u017,view,2025-01-20T19:15:10Z,
e1486,u028,view,2025-01-11T10:13:58Z,
e1487,u025,purchase,2025-01-08T18:03:55Z,49.58
e1488,u013,view,2025-01-15T19:59:51Z,
e1489,u033,view,2025-01-19T20:42:52Z,
e1490,u006,view,2025-01-03T15:19:26Z,
e1491,u032,view,2025-01-04T23:53:24Z,
e1492,u006,view,2025-01-03T02:43:25Z,
e1493,u035,click,2025-01-21T05:09:49Z,
e1494,u014,purchase,2025-01-10T00:23:45Z,69.85
e1495,u006,purchase,2025-01-05T18:20:42Z,131.08
e1496,u021,view,2025-01-18T17:23:28Z,
e1497,u042,purchase,2025-01-10T21:20:05Z,55.92
e1498,u035,purchase,2025-01-19T20:02:14Z,168.88
e1499,u010,view,2025-01-17T13:07:45Z,
e1500,u043,purchase,2025-01-16T09:55:13Z,111.8
e1501,u043,click,2025-01-07T02:45:05Z,
e1502,u040,purchase,2025-01-04T07:16:27Z,153.33
e1503,u019,view,2025-01-20T07:06:45Z,
e1504,u013,click,2025-01-14T14:45:18Z,
e1505,u006,purchase,2025-01-03T14:05:58Z,9.68
e1506,u012,view,2025-01-08T18:05:13Z,
e1507,u017,click,2025-01-21T05:21:19Z,
e1508,u049,click,2025-01-16T03:31:47Z,
e1509,u050,view,2025-01-08T19:10:25Z,
e1510,u019,view,2025-01-05T23:49:42Z,
e1511,u026,purchase,2025-01-15T12:01:04Z,100.71
e1512,u012,purchase,2025-01-18T14:17:34Z,101.63
e1513,u045,click,2025-01-07T08:53:36Z,
e1514,u024,click,2025-01-16T05:03:42Z,
e1515,u015,click,2025-01-11T14:25:46Z,
e1516,u027,purchase,2025-01-11T18:13:38Z,93.01
e1517,u026,purchase,2025-01-16T13:35:08Z,163.67
e1518,u017,view,2025-01-17T13:26:24Z,
e1519,u044,purchase,2025-01-14T06:45:46Z,15.75
e1520,u016,view,2025-01-14T00:32:28Z,
e1521,u025,view,2025-01-12T17:50:05Z,
e1522,u048,click,2025-01-14T04:39:49Z,
e1523,u013,purchase,2025-01-21T18:12:09Z,63.41
e1524,u016,purchase,2025-01-21T04:14:47Z,58.24
e1525,u004,view,2025-01-08T20:19:21Z,
e1526,u020,view,2025-01-18T10:16:47Z,
e1527,u017,click,2025-01-21T08:34:55Z,
e1528,u021,view,2025-01-17T05:17:18Z,
e1529,u005,click,2025-01-05T04:24:41Z,
e1530,u017,purchase,2025-01-15T16:09:47Z,192.31
e1531,u041,click,2025-01-20T16:41:47Z,
e1532,u011,purchase,2025-01-09T11:57:31Z,140.9
e1533,u023,view,2025-01-10T07:23:22Z,
e1534,u044,purchase,2025-01-06T23:09:56Z,199.67
e1535,u047,view,2025-01-12T10:57:18Z,
e1536,u020,purchase,2025-01-12T23:00:10Z,113.17
e1537,u034,purchase,2025-01-03T05:56:31Z,96.43
e1538,u032,purchase,2025-01-20T05:55:10Z,92.65
e1539,u036,view,2025-01-20T18:10:38Z,
e1540,u048,click,2025-01-19T05:53:32Z,
e1541,u035,click,2025-01-18T17:40:50Z,
e1542,u034,purchase,2025-01-04T05:27:22Z,76.81
e1543,u017,click,2025-01-16T21:08:48Z,
e1544,u011,purchase,2025-01-01T08:25:43Z,142.24
e1545,u006,click,2025-01-14T15:13:48Z,
e1546,u001,purchase,2025-01-04T14:16:53Z,141.95
e1547,u004,click,2025-01-01T01:35:29Z,
e1548,u016,purchase,2025-01-05T07:40:38Z,43.66
e1549,u021,click,2025-01-17T13:00:44Z,
e1550,u033,purchase,2025-01-09T05:59:31Z,47.68
e1551,u030,purchase,2025-01-17T18:02:20Z,136.61
e1552,u043,purchase,2025-01-13T22:59:32Z,85.63
e1553,u005,click,2025-01-05T19:03:43Z,
e1554,u007,view,2025-01-04T15:23:58Z,
e1555,u012,purchase,2025-01-13T09:28:05Z,176.7
e1556,u022,purchase,2025-01-09T12:40:17Z,80.77
e1557,u024,click,2025-01-09T00:34:04Z,
e1558,u011,purchase,2025-01-12T10:30:12Z,55.51
e1559,u041,click,2025-01-09T14:56:54Z,
e1560,u007,click,2025-01-18T05:52:20Z,
e1561,u033,view,2025-01-15T06:35:17Z,
e1562,u037,view,2025-01-10T12:21:37Z,
e1563,u049,click,2025-01-18T14:09:00Z,
e1564,u050,view,2025-01-01T03:16:50Z,
e1565,u026,click,2025-01-08T14:46:34Z,
e1566,u030,click,2025-01-08T10:11:39Z,
e1567,u026,view,2025-01-18T03:25:31Z,
e1568,u043,purchase,2025-01-13T04:48:07Z,166.54
e1569,u012,purchase,2025-01-11T08:56:32Z,25.86
e1570,u037,click,2025-01-13T19:53:57Z,
e1571,u023,purchase,2025-01-08T08:07:17Z,179.92
e1572,u002,purchase,2025-01-18T05:37:39Z,188.44
e1573,u050,click,2025-01-01T08:55:48Z,
e1574,u042,click,2025-01-15T07:25:51Z,
e1575,u005,view,2025-01-14T15:02:39Z,
e1576,u031,view,2025-01-14T01:07:17Z,
e1577,u017,view,2025-01-06T11:13:50Z,
e1578,u006,view,2025-01-02T05:39:38Z,
e1579,u045,view,2025-01-10T20:51:34Z,
e1580,u029,view,2025-01-14T01:28:57Z,
e1581,u015,click,2025-01-06T07:50:59Z,
e1582,u042,view,2025-01-10T05:00:47Z,
e1583,u003,click,2025-01-08T06:45:04Z,
e1584,u021,click,2025-01-01T15:43:25Z,
e1585,u043,purchase,2025-01-11T04:14:07Z,10.04
e1586,u049,view,2025-01-08T08:34:14Z,
e1587,u050,click,2025-01-14T16:13:36Z,
e1588,u005,click,2025-01-05T06:09:46Z,
e1589,u011,view,2025-01-09T21:34:58Z,
e1590,u006,purchase,2025-01-01T07:51:04Z,17.83
e1591,u036,purchase,2025-01-15T13:56:39Z,113.97
e1592,u022,view,2025-01-08T16:38:00Z,
e1593,u010,view,2025-01-15T10:18:18Z,
e1594,u046,view,2025-01-04T21:13:17Z,
e1595,u013,purchase,2025-01-17T11:13:34Z,88.37
e1596,u003,view,2025-01-05T04:59:04Z,
e1597,u021,view,2025-01-11T19:45:01Z,
e1598,u006,purchase,2025-01-01T12:40:05Z,154.58
e1599,u026,click,2025-01-16T09:23:34Z,
e1600,u043,view,2025-01-02T19:25:36Z,
e1601,u019,view,2025-01-01T14:51:39Z,
e1602,u049,purchase,2025-01-20T18:38:02Z,188.02
e1603,u022,click,2025-01-08T13:48:20Z,
e1604,u006,purchase,2025-01-07T23:41:38Z,156.26
e1605,u043,purchase,2025-01-07T09:11:25Z,51.22
e1606,u046,view,2025-01-10T18:40:27Z,
e1607,u014,view,2025-01-09T20:12:55Z,
e1608,u013,view,2025-01-13T20:55:28Z,
e1609,u023,purchase,2025-01-11T04:48:24Z,137.6
e1610,u018,click,2025-01-16T21:59:50Z,
e1611,u009,view,2025-01-20T12:04:14Z,
e1612,u023,purchase,2025-01-04T13:47:38Z,63.52
e1613,u024,purchase,2025-01-01T16:22:23Z,159.25
e1614,u013,click,2025-01-16T09:24:27Z,
e1615,u025,view,2025-01-19T04:45:58Z,
e1616,u004,click,2025-01-20T01:33:18Z,
e1617,u036,click,2025-01-05T20:49:22Z,
e1618,u018,view,2025-01-12T10:46:17Z,
e1619,u032,purchase,2025-01-13T08:37:28Z,153.34
e1620,u009,purchase,2025-01-11T04:23:41Z,58.84
e1621,u019,view,2025-01-20T03:07:19Z,
e1622,u028,view,2025-01-13T22:50:53Z,
e1623,u002,view,2025-01-12T08:34:40Z,
e1624,u010,click,2025-01-04T13:58:27Z,
e1625,u046,click,2025-01-11T11:45:03Z,
e1626,u023,purchase,2025-01-20T10:04:01Z,182.85
e1627,u004,view,2025-01-02T01:31:36Z,
e1628,u050,click,2025-01-09T17:43:24Z,
e1629,u029,purchase,2025-01-21T23:39:17Z,147.46
e1630,u044,view,2025-01-18T22:07:19Z,
e1631,u019,purchase,2025-01-11T01:23:54Z,105.5
e1632,u002,purchase,2025-01-16T02:15:51Z,142.18
e1633,u005,view,2025-01-05T18:14:34Z,
e1634,u002,click,2025-01-21T23:47:22Z,
e1635,u019,click,2025-01-04T13:17:37Z,
e1636,u001,purchase,2025-01-06T23:41:12Z,102.13
e1637,u013,view,2025-01-18T09:18:39Z,
e1638,u029,view,2025-01-14T05:33:03Z,
e1639,u039,click,2025-01-08T17:52:34Z,
e1640,u001,click,2025-01-15T14:56:39Z,
e1641,u008,view,2025-01-04T16:28:22Z,
e1642,u015,view,2025-01-04T21:21:24Z,
e1643,u030,purchase,2025-01-13T19:01:32Z,167.11
e1644,u041,click,2025-01-18T10:40:12Z,
e1645,u035,click,2025-01-11T15:38:10Z,
e1646,u033,view,2025-01-04T17:56:30Z,
e1647,u027,click,2025-01-02T13:35:22Z,
e1648,u031,purchase,2025-01-17T04:46:23Z,85.71
e1649,u033,click,2025-01-14T14:54:19Z,
e1650,u004,click,2025-01-02T06:01:18Z,
e1651,u028,click,2025-01-12T22:35:34Z,
e1652,u034,purchase,2025-01-12T15:55:30Z,51.04
e1653,u008,view,2025-01-13T20:53:35Z,
e1654,u012,purchase,2025-01-19T10:38:28Z,174.29
e1655,u028,view,2025-01-13T09:48:31Z,
e1656,u038,click,2025-01-05T21:46:41Z,
e1657,u023,view,2025-01-09T02:49:06Z,
e1658,u010,click,2025-01-11T22:30:33Z,
e1659,u007,click,2025-01-14T22:55:57Z,
e1660,u001,click,2025-01-12T03:01:49Z,
e1661,u046,click,2025-01-19T19:46:01Z,
e1662,u010,view,2025-01-19T21:37:26Z,
e1663,u021,purchase,2025-01-02T20:13:16Z,113.24
e1664,u026,click,2025-01-04T07:34:52Z,
e1665,u028,purchase,2025-01-06T07:12:20Z,113.81
e1666,u030,purchase,2025-01-21T03:37:44Z,80.67
e1667,u009,view,2025-01-21T19:30:34Z,
e1668,u002,view,2025-01-19T14:21:49Z,
e1669,u027,view,2025-01-18T07:43:23Z,
e1670,u006,view,2025-01-18T18:37:15Z,
e1671,u045,click,2025-01-08T10:06:53Z,
e1672,u034,click,2025-01-08T07:28:30Z,
e1673,u002,click,2025-01-08T15:55:58Z,
e1674,u043,view,2025-01-09T18:54:49Z,
e1675,u045,view,2025-01-20T03:49:54Z,
e1676,u015,view,2025-01-21T22:38:32Z,
e1677,u018,purchase,2025-01-01T04:53:17Z,23.92
e1678,u027,view,2025-01-05T15:20:09Z,
e1679,u019,view,2025-01-10T02:54:04Z,
e1680,u002,view,2025-01-13T18:51:49Z,
e1681,u049,purchase,2025-01-12T05:22:13Z,100.38
e1682,u047,purchase,2025-01-08T08:33:50Z,183.93
e1683,u039,purchase,2025-01-18T17:09:47Z,65.02
e1684,u002,view,2025-01-03T04:36:16Z,
e1685,u025,purchase,2025-01-02T09:50:52Z,160.86
e1686,u037,view,2025-01-16T20:55:03Z,
e1687,u003,view,2025-01-17T12:22:37Z,
e1688,u011,click,2025-01-01T10:05:01Z,
e1689,u012,click,2025-01-07T11:54:05Z,
e1690,u046,click,2025-01-18T15:13:33Z,
e1691,u032,click,2025-01-15T15:03:05Z,
e1692,u021,click,2025-01-21T02:26:01Z,
e1693,u035,view,2025-01-19T23:30:58Z,
e1694,u010,purchase,2025-01-03T07:42:06Z,156.57
e1695,u022,purchase,2025-01-08T11:09:20Z,102.92
e1696,u043,view,2025-01-02T21:33:02Z,
e1697,u019,purchase,2025-01-11T07:16:49Z,19.49
e1698,u019,view,2025-01-20T17:16:01Z,
e1699,u016,click,2025-01-06T08:49:12Z,
e1700,u018,purchase,2025-01-11T11:34:59Z,7.88
e1701,u050,purchase,2025-01-21T05:03:03Z,56.65
e1702,u002,click,2025-01-01T04:29:14Z,
e1703,u024,view,2025-01-02T00:56:19Z,
e1704,u019,purchase,2025-01-07T15:42:10Z,109.57
e1705,u028,view,2025-01-20T01:38:34Z,
e1706,u036,view,2025-01-15T13:58:15Z,
e1707,u008,view,2025-01-17T05:24:47Z,
e1708,u048,click,2025-01-09T14:24:14Z,
e1709,u029,click,2025-01-12T23:47:55Z,
e1710,u021,click,2025-01-16T13:15:30Z,
e1711,u022,view,2025-01-10T11:03:53Z,
e1712,u037,view,2025-01-13T04:21:32Z,
e1713,u016,purchase,2025-01-19T03:33:39Z,113.39
e1714,u025,view,2025-01-12T15:39:42Z,
e1715,u047,purchase,2025-01-20T06:57:39Z,169.95
e1716,u031,view,2025-01-19T15:24:27Z,
e1717,u044,purchase,2025-01-02T04:01:31Z,145.45
e1718,u036,purchase,2025-01-02T10:43:40Z,53.25
e1719,u030,click,2025-01-21T14:06:24Z,
e1720,u038,view,2025-01-08T08:31:37Z,
e1721,u029,click,2025-01-02T16:39:27Z,
e1722,u005,purchase,2025-01-03T06:09:43Z,25.49
e1723,u004,purchase,2025-01-04T19:22:33Z,35.28
e1724,u033,click,2025-01-14T08:03:06Z,
e1725,u003,view,2025-01-16T04:38:29Z,
e1726,u034,purchase,2025-01-21T11:10:46Z,160.9
e1727,u029,click,2025-01-14T15:05:56Z,
e1728,u044,view,2025-01-05T18:37:43Z,
e1729,u028,click,2025-01-14T07:26:18Z,
e1730,u033,click,2025-01-05T10:36:31Z,
e1731,u006,view,2025-01-01T12:03:06Z,
e1732,u014,view,2025-01-18T18:34:40Z,
e1733,u045,click,2025-01-07T04:25:41Z,
e1734,u006,click,2025-01-13T20:52:36Z,
e1735,u007,view,2025-01-09T18:56:03Z,
e1736,u009,click,2025-01-15T12:07:58Z,
e1737,u027,purchase,2025-01-07T00:23:21Z,153.97
e1738,u047,view,2025-01-08T14:02:06Z,
e1739,u048,click,2025-01-08T17:23:58Z,
e1740,u037,purchase,2025-01-07T00:15:19Z,179.36
e1741,u008,view,2025-01-11T08:07:14Z,
e1742,u044,purchase,2025-01-10T04:12:24Z,75.61
e1743,u030,click,2025-01-17T23:28:37Z,
e1744,u025,purchase,2025-01-15T11:08:05Z,32.82
e1745,u048,view,2025-01-05T15:25:13Z,
e1746,u046,click,2025-01-13T08:06:51Z,
e1747,u044,view,2025-01-21T15:33:01Z,
e1748,u022,purchase,2025-01-17T04:51:26Z,136.6
e1749,u038,purchase,2025-01-13T00:59:01Z,96.12
e1750,u024,view,2025-01-03T13:35:20Z,
e1751,u034,purchase,2025-01-03T00:00:39Z,137.99
e1752,u035,purchase,2025-01-17T20:50:34Z,159.74
e1753,u006,view,2025-01-21T22:45:13Z,
e1754,u022,view,2025-01-15T05:07:04Z,
e1755,u037,click,2025-01-10T19:20:33Z,
e1756,u029,click,2025-01-13T15:15:28Z,
e1757,u048,view,2025-01-03T09:54:42Z,
e1758,u049,view,2025-01-07T10:47:40Z,
e1759,u007,click,2025-01-15T21:42:14Z,
e1760,u036,view,2025-01-03T18:28:34Z,
e1761,u050,view,2025-01-19T02:00:44Z,
e1762,u050,purchase,2025-01-21T23:02:12Z,174.28
e1763,u041,click,2025-01-07T20:21:47Z,
e1764,u034,purchase,2025-01-02T10:00:03Z,196.84
e1765,u013,view,2025-01-05T16:20:54Z,
e1766,u047,click,2025-01-21T17:03:01Z,
e1767,u016,click,2025-01-03T18:00:29Z,
e1768,u019,purchase,2025-01-16T23:48:08Z,20.76
e1769,u002,purchase,2025-01-19T08:57:17Z,127.69
e1770,u023,click,2025-01-20T01:26:52Z,
e1771,u001,purchase,2025-01-10T12:28:13Z,155.86
e1772,u007,view,2025-01-13T12:19:05Z,
e1773,u023,purchase,2025-01-15T06:19:06Z,124.57
e1774,u006,view,2025-01-17T15:16:16Z,
e1775,u032,click,2025-01-08T14:47:06Z,
e1776,u008,view,2025-01-11T15:46:28Z,
e1777,u050,click,2025-01-14T23:51:05Z,
e1778,u035,purchase,2025-01-16T05:08:08Z,163.63
e1779,u042,click,2025-01-09T11:42:44Z,
e1780,u031,purchase,2025-01-08T04:11:20Z,183.64
e1781,u002,click,2025-01-03T17:15:14Z,
e1782,u049,click,2025-01-20T23:29:09Z,
e1783,u038,purchase,2025-01-02T03:17:20Z,68.32
e1784,u025,click,2025-01-04T19:54:13Z,
e1785,u028,click,2025-01-08T22:56:17Z,
e1786,u038,click,2025-01-16T09:25:07Z,
e1787,u029,view,2025-01-14T06:49:26Z,
e1788,u035,click,2025-01-12T14:37:36Z,
e1789,u035,purchase,2025-01-18T23:28:35Z,196.01
e1790,u041,click,2025-01-18T17:41:12Z,
e1791,u043,click,2025-01-06T17:51:51Z,
e1792,u021,click,2025-01-20T03:34:13Z,
e1793,u006,purchase,2025-01-01T18:47:49Z,89.69
e1794,u043,view,2025-01-04T05:57:20Z,
e1795,u038,view,2025-01-10T11:19:29Z,
e1796,u020,click,2025-01-04T21:48:39Z,
e1797,u040,purchase,2025-01-04T21:10:11Z,168.64
e1798,u013,view,2025-01-02T22:08:21Z,
e1799,u012,click,2025-01-12T01:35:44Z,
e1800,u021,view,2025-01-14T18:01:39Z,
e1801,u050,click,2025-01-17T09:56:16Z,
e1802,u026,purchase,2025-01-20T18:28:51Z,180.79
e1803,u044,view,2025-01-13T07:00:08Z,
e1804,u009,click,2025-01-07T17:48:56Z,
e1805,u010,view,2025-01-18T08:46:41Z,
e1806,u015,view,2025-01-08T17:51:13Z,
e1807,u033,purchase,2025-01-01T00:38:39Z,155.74
e1808,u009,click,2025-01-09T16:29:53Z,
e1809,u022,purchase,2025-01-03T18:24:59Z,168.84
e1810,u006,purchase,2025-01-19T23:03:17Z,22.0
e1811,u037,view,2025-01-20T08:28:30Z,
e1812,u007,click,2025-01-19T02:04:35Z,
e1813,u008,view,2025-01-07T13:19:34Z,
e1814,u032,view,2025-01-21T19:45:46Z,
e1815,u024,view,2025-01-15T01:30:42Z,
e1816,u035,click,2025-01-02T05:33:16Z,
e1817,u038,view,2025-01-12T06:05:48Z,
e1818,u039,view,2025-01-03T11:41:36Z,
e1819,u024,purchase,2025-01-03T12:18:28Z,26.26
e1820,u044,purchase,2025-01-13T17:21:12Z,30.64
e1821,u044,purchase,2025-01-18T18:07:02Z,131.0
e1822,u037,click,2025-01-05T05:22:48Z,
e1823,u022,view,2025-01-01T14:17:18Z,
e1824,u049,view,2025-01-04T07:24:05Z,
e1825,u048,click,2025-01-10T02:10:42Z,
e1826,u030,view,2025-01-05T18:09:15Z,
e1827,u015,click,2025-01-13T10:08:05Z,
e1828,u042,view,2025-01-01T12:08:24Z,
e1829,u043,purchase,2025-01-07T14:25:52Z,136.37
e1830,u009,click,2025-01-20T00:04:01Z,
e1831,u001,click,2025-01-04T14:00:36Z,
e1832,u019,view,2025-01-07T20:04:36Z,
e1833,u035,view,2025-01-04T02:12:24Z,
e1834,u037,view,2025-01-20T12:30:53Z,
e1835,u017,view,2025-01-14T18:34:42Z,
e1836,u030,click,2025-01-21T23:19:25Z,
e1837,u048,view,2025-01-14T22:31:13Z,
e1838,u040,view,2025-01-12T00:27:16Z,
e1839,u040,view,2025-01-18T23:54:19Z,
e1840,u032,click,2025-01-15T02:06:21Z,
e1841,u008,purchase,2025-01-14T17:10:42Z,79.47
e1842,u030,view,2025-01-11T01:46:07Z,
e1843,u037,click,2025-01-09T02:52:14Z,
e1844,u020,click,2025-01-09T03:24:34Z,
e1845,u038,click,2025-01-09T09:24:15Z,
e1846,u018,purchase,2025-01-21T16:34:08Z,100.6
e1847,u037,view,2025-01-13T00:20:31Z,
e1848,u026,view,2025-01-18T18:08:36Z,
e1849,u019,purchase,2025-01-19T16:20:20Z,127.33
e1850,u015,click,2025-01-01T01:58:43Z,
e1851,u001,purchase,2025-01-18T03:11:03Z,17.82
e1852,u046,click,2025-01-11T04:18:21Z,
e1853,u043,purchase,2025-01-12T11:08:32Z,98.34
e1854,u017,click,2025-01-06T08:58:55Z,
e1855,u050,purchase,2025-01-14T09:22:14Z,179.08
e1856,u022,purchase,2025-01-20T09:57:18Z,119.41
e1857,u042,purchase,2025-01-17T11:05:28Z,50.84
e1858,u037,view,2025-01-05T00:25:56Z,
e1859,u016,view,2025-01-09T00:05:23Z,
e1860,u007,purchase,2025-01-04T06:26:02Z,48.05
e1861,u038,click,2025-01-10T14:52:28Z,
e1862,u047,purchase,2025-01-04T07:31:12Z,22.01
e1863,u040,view,2025-01-12T04:06:09Z,
e1864,u011,view,2025-01-14T18:32:17Z,
e1865,u021,click,2025-01-02T21:18:13Z,
e1866,u023,purchase,2025-01-15T08:26:44Z,120.61
e1867,u030,purchase,2025-01-18T18:44:25Z,99.84
e1868,u044,view,2025-01-20T08:49:03Z,
e1869,u041,click,2025-01-11T17:29:46Z,
e1870,u040,click,2025-01-15T08:59:31Z,
e1871,u042,view,2025-01-13T17:34:14Z,
e1872,u028,click,2025-01-06T00:37:28Z,
e1873,u010,view,2025-01-13T06:26:37Z,
e1874,u041,click,2025-01-09T19:59:08Z,
e1875,u009,click,2025-01-05T14:18:04Z,
e1876,u036,view,2025-01-19T12:52:13Z,
e1877,u049,purchase,2025-01-10T00:05:30Z,61.92
e1878,u005,view,2025-01-04T04:24:57Z,
e1879,u017,purchase,2025-01-10T06:35:05Z,180.82
e1880,u016,purchase,2025-01-18T16:04:35Z,161.86
e1881,u001,click,2025-01-07T06:55:08Z,
e1882,u040,click,2025-01-14T06:09:22Z,
e1883,u050,purchase,2025-01-10T22:31:10Z,20.63
e1884,u032,click,2025-01-02T11:28:50Z,
e1885,u016,purchase,2025-01-07T02:07:29Z,33.28
e1886,u044,view,2025-01-01T20:59:22Z,
e1887,u045,purchase,2025-01-17T02:35:57Z,156.8
e1888,u042,view,2025-01-12T08:48:13Z,
e1889,u031,view,2025-01-19T14:17:29Z,
e1890,u049,purchase,2025-01-04T09:06:13Z,50.58
e1891,u036,view,2025-01-11T20:18:31Z,
e1892,u024,view,2025-01-08T14:52:34Z,
e1893,u017,purchase,2025-01-03T01:49:21Z,140.91
e1894,u040,purchase,2025-01-03T20:34:40Z,5.2
e1895,u004,view,2025-01-05T04:51:45Z,
e1896,u031,purchase,2025-01-06T03:43:36Z,80.48
e1897,u045,view,2025-01-08T20:48:59Z,
e1898,u022,view,2025-01-07T05:29:55Z,
e1899,u023,view,2025-01-19T13:45:50Z,
e1900,u026,purchase,2025-01-12T09:50:41Z,9.59
e1901,u026,click,2025-01-18T09:54:29Z,
e1902,u035,view,2025-01-18T15:16:41Z,
e1903,u026,purchase,2025-01-07T14:33:27Z,18.25
e1904,u034,view,2025-01-03T23:11:37Z,
e1905,u027,purchase,2025-01-13T11:54:03Z,37.01
e1906,u007,click,2025-01-12T20:37:59Z,
e1907,u048,view,2025-01-18T19:23:30Z,
e1908,u030,purchase,2025-01-07T03:34:49Z,44.05
e1909,u036,purchase,2025-01-04T18:20:43Z,186.21
e1910,u045,view,2025-01-06T00:27:24Z,
e1911,u034,click,2025-01-14T09:19:22Z,
e1912,u031,purchase,2025-01-09T07:45:36Z,156.44
e1913,u012,purchase,2025-01-16T18:15:42Z,176.75
e1914,u041,click,2025-01-18T01:16:42Z,
e1915,u019,click,2025-01-04T20:20:45Z,
e1916,u025,view,2025-01-10T04:48:22Z,
e1917,u046,view,2025-01-14T17:53:16Z,
e1918,u034,view,2025-01-09T18:37:56Z,
e1919,u019,click,2025-01-18T04:34:48Z,
e1920,u003,view,2025-01-20T03:18:53Z,
e1921,u032,click,2025-01-06T05:37:11Z,
e1922,u043,purchase,2025-01-09T23:05:18Z,47.19
e1923,u037,view,2025-01-02T16:51:43Z,
e1924,u011,purchase,2025-01-19T16:41:32Z,39.1
e1925,u027,purchase,2025-01-04T20:21:00Z,123.0
e1926,u031,view,2025-01-12T19:10:09Z,
e1927,u028,view,2025-01-01T13:03:37Z,
e1928,u002,purchase,2025-01-05T23:59:03Z,95.55
e1929,u040,click,2025-01-12T18:34:39Z,
e1930,u042,click,2025-01-14T15:09:44Z,
e1931,u025,purchase,2025-01-09T11:09:03Z,131.48
e1932,u034,purchase,2025-01-18T02:42:27Z,180.06
e1933,u050,view,2025-01-03T18:00:53Z,
e1934,u027,purchase,2025-01-01T03:15:17Z,35.89
e1935,u045,view,2025-01-11T03:16:52Z,
e1936,u020,purchase,2025-01-04T04:52:33Z,118.41
e1937,u018,view,2025-01-08T09:37:56Z,
e1938,u028,click,2025-01-04T19:15:00Z,
e1939,u018,view,2025-01-02T05:26:50Z,
e1940,u002,view,2025-01-15T21:46:20Z,
e1941,u005,view,2025-01-21T10:18:19Z,
e1942,u039,click,2025-01-05T23:25:17Z,
e1943,u050,purchase,2025-01-19T18:12:27Z,72.42
e1944,u049,view,2025-01-08T23:42:34Z,
e1945,u014,view,2025-01-10T21:49:53Z,
e1946,u030,purchase,2025-01-05T06:06:27Z,140.06
e1947,u028,purchase,2025-01-08T17:44:52Z,65.6
e1948,u020,purchase,2025-01-18T12:10:28Z,176.38
e1949,u003,purchase,2025-01-10T08:02:25Z,167.67
e1950,u023,purchase,2025-01-10T23:57:05Z,112.27
e1951,u046,view,2025-01-03T21:08:58Z,
e1952,u006,view,2025-01-03T23:06:55Z,
e1953,u036,view,2025-01-06T01:59:09Z,
e1954,u048,view,2025-01-05T19:03:42Z,
e1955,u007,purchase,2025-01-15T04:00:12Z,135.88
e1956,u023,click,2025-01-11T05:41:46Z,
e1957,u028,click,2025-01-05T11:02:29Z,
e1958,u007,purchase,2025-01-17T08:15:16Z,53.44
e1959,u044,click,2025-01-21T20:01:05Z,
e1960,u045,view,2025-01-14T15:18:48Z,
e1961,u030,view,2025-01-14T11:32:05Z,
e1962,u018,purchase,2025-01-09T09:51:05Z,160.02
e1963,u007,purchase,2025-01-13T08:13:25Z,18.3
e1964,u017,purchase,2025-01-15T17:19:01Z,123.05
e1965,u049,click,2025-01-10T00:37:03Z,
e1966,u018,purchase,2025-01-02T01:06:06Z,74.37
e1967,u011,click,2025-01-02T05:12:05Z,
e1968,u038,click,2025-01-04T17:42:28Z,
e1969,u001,purchase,2025-01-02T00:22:03Z,44.8
e1970,u031,click,2025-01-08T20:39:05Z,
e1971,u033,view,2025-01-07T03:05:03Z,
e1972,u006,purchase,2025-01-11T16:17:49Z,66.54
e1973,u011,purchase,2025-01-07T10:59:48Z,32.45
e1974,u031,purchase,2025-01-21T10:08:40Z,120.13
e1975,u006,view,2025-01-01T16:31:17Z,
e1976,u028,click,2025-01-09T11:06:24Z,
e1977,u016,view,2025-01-16T07:54:05Z,
e1978,u004,purchase,2025-01-14T20:34:44Z,36.2
e1979,u014,view,2025-01-20T02:50:18Z,
e1980,u048,click,2025-01-10T03:23:48Z,
e1981,u025,click,2025-01-21T00:30:56Z,
e1982,u038,view,2025-01-03T04:12:04Z,
e1983,u035,purchase,2025-01-08T19:12:58Z,99.45
e1984,u005,view,2025-01-14T22:04:02Z,
e1985,u029,view,2025-01-02T16:21:30Z,
e1986,u027,view,2025-01-07T12:43:45Z,
e1987,u016,purchase,2025-01-01T11:20:45Z,90.67
e1988,u045,view,2025-01-15T16:26:58Z,
e1989,u018,click,2025-01-15T03:52:54Z,
e1990,u031,view,2025-01-07T10:41:05Z,
e1991,u009,click,2025-01-05T23:49:42Z,
e1992,u024,click,2025-01-05T14:14:13Z,
e1993,u002,view,2025-01-14T17:46:27Z,
e1994,u015,view,2025-01-19T09:01:28Z,
e1995,u010,view,2025-01-17T11:32:12Z,
e1996,u044,click,2025-01-17T20:41:25Z,
e1997,u020,view,2025-01-18T14:28:31Z,
e1998,u001,purchase,2025-01-10T18:24:28Z,65.06
e1999,u033,click,2025-01-12T08:18:44Z,
e2000,u019,purchase,2025-01-17T17:31:42Z,87.45
